رقم_الطلب,العمر,المدينة,جهة_العمل,مدة_التوظيف_شهر,الراتب_الشهري,الالتزامات_الشهرية,التصنيف_الائتماني,نوع_السلعة,مبلغ_التمويل,مدة_السداد_شهر,القسط_الشهري_الجديد,نسبة_عبء_الدين,مستوى_الخطر
REQ-1003,36,أبها,قطاع خاص صغير,120,15600,3618,709,أجهزة إلكترونية,20500,12,1837,0.35,متوسط
REQ-1006,47,حائل,شركة كبرى,55,16300,5736,582,أجهزة إلكترونية,20000,48,513,0.383,مرتفع
REQ-1007,33,حائل,حكومي,67,31700,2867,755,أجهزة إلكترونية,21000,36,702,0.113,منخفض
REQ-1008,57,تبوك,شركة كبرى,120,26000,835,768,معدّات مهنية,48000,24,2213,0.117,منخفض
REQ-1009,22,الدمام,شركة متوسطة,153,17600,5039,690,معدّات مهنية,52000,48,1379,0.365,متوسط
REQ-1010,36,جدة,قطاع خاص صغير,3,14000,2391,791,معدّات مهنية,20500,18,1269,0.261,متوسط
REQ-1011,41,بريدة,قطاع خاص صغير,70,26500,2819,645,أجهزة إلكترونية,10500,48,273,0.117,منخفض
REQ-1012,42,حائل,شركة متوسطة,55,17500,4511,570,أثاث منزلي,9000,18,538,0.289,منخفض
REQ-1013,29,حائل,حكومي,39,17400,6035,632,أجهزة إلكترونية,10500,36,341,0.366,متوسط
REQ-1014,37,جدة,حكومي,56,14300,1317,688,أثاث منزلي,21500,12,1917,0.226,منخفض
REQ-1015,25,الرياض,شركة متوسطة,27,19600,2573,653,أجهزة إلكترونية,10500,18,650,0.164,منخفض
REQ-1016,39,الرياض,شركة كبرى,25,5400,1530,635,أثاث منزلي,12500,36,427,0.362,مرتفع
REQ-1017,55,الخبر,حكومي,61,21100,4116,876,أثاث منزلي,10500,24,486,0.218,منخفض
REQ-1018,25,جدة,شركة متوسطة,118,13500,1606,777,أجهزة إلكترونية,6500,12,579,0.162,منخفض
REQ-1019,51,المدينة,شركة متوسطة,17,14800,1271,651,معدّات مهنية,56500,18,3468,0.32,منخفض
REQ-1022,30,جدة,قطاع خاص صغير,32,18100,2882,692,معدّات مهنية,34500,24,1659,0.251,متوسط
REQ-1023,38,الدمام,قطاع خاص صغير,49,6400,694,743,أثاث منزلي,24500,36,816,0.236,منخفض
REQ-1025,43,أبها,قطاع خاص صغير,81,12000,1415,836,أجهزة إلكترونية,22500,12,1978,0.283,منخفض
REQ-1026,44,مكة,قطاع خاص صغير,42,19800,5847,733,أثاث منزلي,13000,36,426,0.317,متوسط
REQ-1027,29,الدمام,شركة متوسطة,44,11900,940,723,أثاث منزلي,29000,48,749,0.142,متوسط
REQ-1030,39,المدينة,شركة كبرى,73,17100,2246,687,أجهزة إلكترونية,17500,24,819,0.179,منخفض
REQ-1031,30,حائل,شركة كبرى,85,14900,3049,661,أثاث منزلي,33000,18,2025,0.341,متوسط
REQ-1032,31,حائل,قطاع خاص صغير,88,18300,2602,728,أجهزة إلكترونية,24500,48,664,0.178,مرتفع
REQ-1034,34,بريدة,شركة متوسطة,29,23300,2552,622,معدّات مهنية,57500,36,1924,0.192,منخفض
REQ-1035,33,تبوك,أعمال حرة,72,10200,2052,693,معدّات مهنية,48000,48,1258,0.325,منخفض
REQ-1036,25,تبوك,حكومي,47,11100,2470,695,أجهزة إلكترونية,19000,12,1682,0.374,متوسط
REQ-1037,33,أبها,حكومي,130,13400,3131,681,أثاث منزلي,21500,24,1001,0.308,منخفض
REQ-1038,36,الدمام,شركة متوسطة,128,19500,4096,718,أثاث منزلي,17000,36,573,0.239,منخفض
REQ-1039,55,الخبر,شركة كبرى,77,22900,5846,731,أثاث منزلي,11500,24,537,0.279,منخفض
REQ-1041,52,حائل,حكومي,32,6200,660,659,أجهزة إلكترونية,14500,24,692,0.218,منخفض
REQ-1042,53,مكة,شركة متوسطة,33,19000,3178,555,أثاث منزلي,19000,18,1138,0.227,منخفض
REQ-1043,26,الرياض,قطاع خاص صغير,78,21000,2191,834,معدّات مهنية,35500,24,1633,0.182,منخفض
REQ-1044,46,بريدة,قطاع خاص صغير,148,7700,1905,773,أثاث منزلي,11000,48,301,0.286,منخفض
REQ-1045,43,أبها,شركة كبرى,77,20200,3440,710,معدّات مهنية,54000,18,3326,0.335,مرتفع
REQ-1046,31,أبها,شركة كبرى,65,10800,1929,692,معدّات مهنية,37000,48,1012,0.272,متوسط
REQ-1047,35,تبوك,قطاع خاص صغير,84,17000,3581,704,أجهزة إلكترونية,13000,18,786,0.257,منخفض
REQ-1048,36,الدمام,شركة كبرى,72,28600,5089,651,أجهزة إلكترونية,7500,18,453,0.194,منخفض
REQ-1049,28,المدينة,شركة متوسطة,77,10100,2886,527,أجهزة إلكترونية,11000,24,509,0.336,منخفض
REQ-1051,29,مكة,قطاع خاص صغير,21,7900,1665,572,أجهزة إلكترونية,8000,48,218,0.238,متوسط
REQ-1052,27,حائل,قطاع خاص صغير,106,15300,2180,671,أثاث منزلي,15500,48,425,0.17,منخفض
REQ-1053,25,المدينة,أعمال حرة,49,9400,1450,731,سيارة,44000,36,1455,0.309,متوسط
REQ-1054,24,المدينة,حكومي,120,11200,896,773,أجهزة إلكترونية,13500,48,345,0.111,منخفض
REQ-1056,36,حائل,شركة كبرى,126,15200,4213,692,أجهزة إلكترونية,24000,48,635,0.319,مرتفع
REQ-1058,46,أبها,شركة كبرى,44,17100,6352,642,أثاث منزلي,8000,24,373,0.393,متوسط
REQ-1061,34,مكة,حكومي,66,22500,6107,615,أثاث منزلي,39500,18,2404,0.378,متوسط
REQ-1062,50,حائل,شركة كبرى,120,21900,3453,756,معدّات مهنية,50500,24,2406,0.268,منخفض
REQ-1065,47,جدة,قطاع خاص صغير,69,12500,2535,678,أجهزة إلكترونية,6500,24,303,0.227,منخفض
REQ-1066,46,مكة,قطاع خاص صغير,53,21200,3578,670,سيارة,85500,18,5241,0.416,منخفض
REQ-1068,29,المدينة,شركة كبرى,35,16800,2108,647,أجهزة إلكترونية,15000,48,380,0.148,منخفض
REQ-1069,34,المدينة,شركة متوسطة,62,22600,3636,676,معدّات مهنية,59500,24,2822,0.286,منخفض
REQ-1070,34,أبها,شركة كبرى,118,29400,2880,719,معدّات مهنية,59500,24,2730,0.191,منخفض
REQ-1071,30,مكة,شركة متوسطة,99,16900,1122,703,معدّات مهنية,48500,18,2970,0.242,منخفض
REQ-1072,38,الدمام,شركة متوسطة,86,17700,5577,572,سيارة,58000,36,1857,0.42,متوسط
REQ-1073,26,المدينة,حكومي,34,20100,2192,542,معدّات مهنية,51000,24,2454,0.231,منخفض
REQ-1074,42,الرياض,شركة كبرى,149,7900,889,893,أثاث منزلي,39000,48,1010,0.24,منخفض
REQ-1075,30,بريدة,حكومي,99,12600,1935,665,معدّات مهنية,13500,18,822,0.219,منخفض
REQ-1076,31,جدة,شركة متوسطة,83,16100,3292,672,سيارة,42500,12,3751,0.437,منخفض
REQ-1078,24,تبوك,شركة كبرى,144,12600,4063,774,معدّات مهنية,11000,24,509,0.363,متوسط
REQ-1079,26,مكة,حكومي,152,17600,1187,704,أجهزة إلكترونية,6500,48,165,0.077,متوسط
REQ-1081,44,بريدة,حكومي,34,11900,817,708,سيارة,73000,24,3439,0.358,منخفض
REQ-1082,29,جدة,شركة متوسطة,131,17800,4523,687,سيارة,35500,36,1209,0.322,متوسط
REQ-1083,35,حائل,أعمال حرة,47,5400,415,704,معدّات مهنية,28000,48,737,0.213,متوسط
REQ-1085,33,الخبر,حكومي,87,13500,2477,786,سيارة,38000,12,3333,0.43,مرتفع
REQ-1086,44,الخبر,شركة متوسطة,73,15000,2583,743,أثاث منزلي,35500,12,3192,0.385,متوسط
REQ-1088,54,الخبر,قطاع خاص صغير,84,15500,753,855,معدّات مهنية,9500,24,452,0.078,منخفض
REQ-1090,32,حائل,شركة متوسطة,74,19000,1661,766,سيارة,90500,24,4248,0.311,منخفض
REQ-1091,34,حائل,حكومي,28,20300,3993,644,أثاث منزلي,23500,24,1079,0.25,متوسط
REQ-1092,25,مكة,حكومي,102,27000,7752,675,أثاث منزلي,31000,18,1861,0.356,متوسط
REQ-1094,30,بريدة,شركة كبرى,34,25700,9592,516,معدّات مهنية,12500,12,1101,0.416,مرتفع
REQ-1095,25,الدمام,قطاع خاص صغير,38,18200,5321,711,أجهزة إلكترونية,23000,24,1074,0.351,مرتفع
REQ-1096,29,حائل,حكومي,79,10000,2857,646,أثاث منزلي,21000,48,564,0.342,متوسط
REQ-1097,39,تبوك,أعمال حرة,28,14900,2964,579,معدّات مهنية,39000,24,1836,0.322,متوسط
REQ-1100,24,جدة,شركة متوسطة,69,27800,6685,588,أثاث منزلي,19500,24,926,0.274,مرتفع
REQ-1101,31,المدينة,شركة متوسطة,41,11700,3753,708,أجهزة إلكترونية,11500,48,306,0.347,متوسط
REQ-1103,32,بريدة,شركة كبرى,38,8800,3284,565,أجهزة إلكترونية,8000,24,383,0.417,متوسط
REQ-1104,45,تبوك,قطاع خاص صغير,49,6200,1784,685,أجهزة إلكترونية,8500,48,229,0.325,متوسط
REQ-1105,24,مكة,شركة كبرى,152,17600,4236,736,أجهزة إلكترونية,15500,24,747,0.283,منخفض
REQ-1106,32,الخبر,أعمال حرة,26,27700,5135,511,أجهزة إلكترونية,21000,18,1299,0.232,مرتفع
REQ-1107,36,تبوك,حكومي,118,22900,3667,742,أجهزة إلكترونية,21500,12,1932,0.244,منخفض
REQ-1108,48,المدينة,أعمال حرة,31,11900,2218,706,معدّات مهنية,56500,24,2701,0.413,مرتفع
REQ-1109,50,بريدة,شركة كبرى,101,20400,4194,613,سيارة,53000,18,3237,0.364,متوسط
REQ-1110,33,الدمام,قطاع خاص صغير,29,9600,1406,627,سيارة,40000,36,1337,0.286,منخفض
REQ-1111,30,بريدة,حكومي,75,12300,1597,683,معدّات مهنية,11500,48,303,0.154,منخفض
REQ-1114,24,الرياض,حكومي,125,21300,3589,718,أثاث منزلي,14000,18,846,0.208,منخفض
REQ-1117,28,الدمام,شركة كبرى,96,12600,4413,608,سيارة,37000,36,1215,0.447,متوسط
REQ-1118,52,تبوك,حكومي,105,16900,945,861,معدّات مهنية,27000,48,677,0.096,منخفض
REQ-1119,52,أبها,شركة كبرى,75,18600,4090,618,أجهزة إلكترونية,24000,12,2144,0.335,مرتفع
REQ-1120,49,تبوك,حكومي,92,20800,2890,657,أثاث منزلي,12000,18,742,0.175,منخفض
REQ-1121,58,الدمام,قطاع خاص صغير,161,25800,6622,716,معدّات مهنية,54500,18,3351,0.387,متوسط
REQ-1122,44,جدة,شركة كبرى,36,8000,894,701,معدّات مهنية,32500,48,823,0.215,منخفض
REQ-1123,31,بريدة,أعمال حرة,61,18800,5809,790,سيارة,70500,48,1823,0.406,مرتفع
REQ-1124,39,الخبر,حكومي,59,28300,9898,660,أجهزة إلكترونية,11000,18,665,0.373,متوسط
REQ-1126,27,حائل,شركة متوسطة,79,17600,5577,553,سيارة,37500,48,962,0.372,متوسط
REQ-1127,33,أبها,شركة متوسطة,82,13400,2163,779,أثاث منزلي,15500,12,1382,0.265,منخفض
REQ-1128,35,مكة,حكومي,47,16900,4596,638,أثاث منزلي,9500,24,447,0.298,منخفض
REQ-1129,34,الخبر,حكومي,26,10700,1729,612,أجهزة إلكترونية,24500,18,1513,0.303,متوسط
REQ-1130,28,الرياض,حكومي,63,31400,10467,613,أثاث منزلي,22500,18,1355,0.376,متوسط
REQ-1131,30,أبها,شركة متوسطة,88,20700,3319,746,أجهزة إلكترونية,22500,24,1074,0.212,منخفض
REQ-1133,36,بريدة,شركة كبرى,79,8300,1577,717,معدّات مهنية,50000,48,1307,0.347,متوسط
REQ-1135,55,حائل,شركة متوسطة,96,19500,5121,754,أجهزة إلكترونية,19500,48,510,0.289,منخفض
REQ-1136,43,بريدة,شركة كبرى,40,20100,4637,647,أثاث منزلي,16000,18,972,0.279,منخفض
REQ-1137,43,بريدة,أعمال حرة,12,26300,2931,695,أثاث منزلي,23500,24,1133,0.155,متوسط
REQ-1138,31,المدينة,شركة كبرى,95,18800,4694,662,أجهزة إلكترونية,24000,24,1133,0.31,منخفض
REQ-1139,43,أبها,شركة متوسطة,65,17000,3537,554,معدّات مهنية,23000,48,613,0.244,منخفض
REQ-1140,45,بريدة,أعمال حرة,26,17800,4817,598,معدّات مهنية,47000,18,2830,0.43,مرتفع
REQ-1141,40,الدمام,حكومي,77,17100,2526,678,أجهزة إلكترونية,6000,36,196,0.159,منخفض
REQ-1142,22,جدة,شركة متوسطة,56,23800,8675,673,أجهزة إلكترونية,20000,24,932,0.404,منخفض
REQ-1143,39,تبوك,حكومي,118,19900,1152,829,أجهزة إلكترونية,23500,12,2114,0.164,منخفض
REQ-1144,28,الدمام,شركة متوسطة,45,21600,1254,699,معدّات مهنية,23000,48,605,0.086,منخفض
REQ-1145,46,مكة,شركة كبرى,28,9000,1088,644,أجهزة إلكترونية,5500,24,262,0.15,منخفض
REQ-1146,28,المدينة,قطاع خاص صغير,113,22500,4870,791,أجهزة إلكترونية,24500,36,802,0.252,متوسط
REQ-1148,33,الدمام,شركة كبرى,92,22400,3747,816,معدّات مهنية,27000,18,1627,0.24,منخفض
REQ-1149,34,تبوك,أعمال حرة,79,13700,3901,703,أجهزة إلكترونية,18500,48,502,0.321,منخفض
REQ-1150,36,حائل,شركة كبرى,28,23300,7251,656,أجهزة إلكترونية,8500,48,221,0.321,منخفض
REQ-1151,35,الرياض,قطاع خاص صغير,20,12600,1373,621,أثاث منزلي,28500,24,1357,0.217,متوسط
REQ-1153,43,جدة,أعمال حرة,99,16000,2968,805,أثاث منزلي,8000,48,202,0.198,منخفض
REQ-1154,28,مكة,شركة كبرى,96,14000,1981,742,معدّات مهنية,32000,48,833,0.201,منخفض
REQ-1157,31,الدمام,شركة متوسطة,48,16600,2735,743,أجهزة إلكترونية,13500,24,620,0.202,منخفض
REQ-1159,34,الخبر,قطاع خاص صغير,93,10500,3172,737,أثاث منزلي,24500,18,1486,0.444,متوسط
REQ-1162,32,تبوك,حكومي,44,11800,2418,640,معدّات مهنية,34500,36,1142,0.302,منخفض
REQ-1163,43,الدمام,شركة كبرى,47,9100,583,787,سيارة,53500,48,1414,0.219,منخفض
REQ-1164,28,الخبر,حكومي,40,16100,3625,712,أثاث منزلي,39000,36,1290,0.305,منخفض
REQ-1166,33,الرياض,قطاع خاص صغير,93,9500,272,709,أثاث منزلي,28000,12,2450,0.287,متوسط
REQ-1167,23,حائل,شركة متوسطة,44,14100,3008,647,أجهزة إلكترونية,7000,12,621,0.257,منخفض
REQ-1168,36,الرياض,قطاع خاص صغير,55,10000,1832,622,أجهزة إلكترونية,11000,12,980,0.281,متوسط
REQ-1169,26,جدة,شركة كبرى,20,14400,419,749,أثاث منزلي,27500,24,1299,0.119,متوسط
REQ-1170,48,الخبر,أعمال حرة,54,12600,2888,651,معدّات مهنية,55000,48,1465,0.345,مرتفع
REQ-1171,23,أبها,حكومي,112,9200,2834,728,أجهزة إلكترونية,16500,36,555,0.368,متوسط
REQ-1172,42,حائل,حكومي,95,30200,6433,723,أثاث منزلي,13000,12,1148,0.251,منخفض
REQ-1174,30,تبوك,حكومي,43,7800,1442,685,أثاث منزلي,16000,12,1403,0.365,متوسط
REQ-1175,32,الخبر,حكومي,35,9000,1808,608,سيارة,38000,48,958,0.307,متوسط
REQ-1176,47,المدينة,حكومي,104,13300,3644,513,أجهزة إلكترونية,16500,18,1013,0.35,متوسط
REQ-1178,27,مكة,حكومي,116,13000,2403,770,أثاث منزلي,33500,48,848,0.25,منخفض
REQ-1179,34,جدة,حكومي,47,13100,3632,542,أجهزة إلكترونية,11500,24,550,0.319,منخفض
REQ-1180,50,تبوك,حكومي,34,31700,9139,730,أجهزة إلكترونية,14000,24,670,0.309,مرتفع
REQ-1181,27,أبها,شركة كبرى,32,9800,1912,619,أثاث منزلي,25500,48,669,0.263,متوسط
REQ-1182,36,حائل,قطاع خاص صغير,128,11300,2505,707,أجهزة إلكترونية,18000,24,832,0.295,منخفض
REQ-1183,55,مكة,شركة متوسطة,100,11900,4615,638,معدّات مهنية,19500,48,514,0.431,متوسط
REQ-1185,31,الرياض,شركة كبرى,69,19100,3381,777,أثاث منزلي,16000,24,735,0.215,منخفض
REQ-1186,46,أبها,شركة متوسطة,33,16700,6804,594,أجهزة إلكترونية,11500,36,394,0.431,مرتفع
REQ-1187,38,جدة,حكومي,55,18000,5006,702,أثاث منزلي,18500,18,1114,0.34,متوسط
REQ-1188,37,حائل,قطاع خاص صغير,52,14100,1877,769,أثاث منزلي,23500,24,1112,0.212,منخفض
REQ-1190,32,تبوك,حكومي,78,12900,2983,624,أجهزة إلكترونية,16000,36,522,0.272,متوسط
REQ-1191,38,تبوك,قطاع خاص صغير,65,24900,3299,653,أثاث منزلي,19500,36,643,0.158,منخفض
REQ-1192,28,جدة,شركة متوسطة,38,19400,1052,727,أثاث منزلي,25000,36,832,0.097,منخفض
REQ-1193,30,مكة,شركة كبرى,71,27800,7911,666,أجهزة إلكترونية,25000,12,2233,0.365,منخفض
REQ-1194,30,حائل,أعمال حرة,66,12000,2385,792,أجهزة إلكترونية,9000,48,240,0.219,منخفض
REQ-1195,38,المدينة,حكومي,37,9100,1241,742,معدّات مهنية,39000,18,2360,0.396,متوسط
REQ-1197,41,جدة,قطاع خاص صغير,88,18600,3912,658,أثاث منزلي,18000,12,1603,0.297,منخفض
REQ-1198,33,جدة,شركة متوسطة,123,17100,3459,648,سيارة,96000,36,3219,0.391,متوسط
REQ-1199,44,الرياض,شركة كبرى,112,25800,5458,694,أجهزة إلكترونية,16500,36,559,0.233,منخفض
REQ-1200,24,المدينة,شركة متوسطة,11,20600,7434,629,أثاث منزلي,12000,18,743,0.397,مرتفع
REQ-1201,26,جدة,شركة كبرى,87,7300,1834,764,أجهزة إلكترونية,13500,12,1204,0.416,مرتفع
REQ-1202,27,جدة,حكومي,9,18500,4901,699,أثاث منزلي,29500,36,947,0.316,منخفض
REQ-1203,26,تبوك,شركة كبرى,54,10400,3173,703,أجهزة إلكترونية,6500,48,162,0.321,منخفض
REQ-1204,31,أبها,حكومي,134,20100,4867,682,سيارة,42500,12,3781,0.43,متوسط
REQ-1207,51,الرياض,حكومي,74,23400,4243,659,سيارة,31500,12,2757,0.299,منخفض
REQ-1208,52,الدمام,شركة كبرى,94,10300,2967,623,أجهزة إلكترونية,10500,24,483,0.335,مرتفع
REQ-1209,36,حائل,شركة كبرى,114,15900,4143,785,أجهزة إلكترونية,6000,12,538,0.294,منخفض
REQ-1210,38,المدينة,شركة كبرى,98,18100,1876,720,أجهزة إلكترونية,15000,24,707,0.143,منخفض
REQ-1211,28,جدة,حكومي,43,21000,7076,626,أثاث منزلي,14500,12,1278,0.398,متوسط
REQ-1212,35,الرياض,شركة كبرى,119,6700,821,809,سيارة,50500,48,1262,0.311,متوسط
REQ-1213,29,المدينة,شركة كبرى,32,11600,4199,655,أثاث منزلي,13000,18,789,0.43,منخفض
REQ-1215,31,بريدة,شركة متوسطة,36,5000,1142,629,أثاث منزلي,18000,36,619,0.352,مرتفع
REQ-1217,26,الخبر,شركة كبرى,65,9600,704,826,سيارة,34000,18,2106,0.293,منخفض
REQ-1219,50,تبوك,شركة كبرى,48,20400,4118,690,أجهزة إلكترونية,20500,48,518,0.227,متوسط
REQ-1220,34,الرياض,شركة كبرى,149,14100,1927,751,سيارة,38000,24,1820,0.266,منخفض
REQ-1222,36,جدة,شركة متوسطة,26,7500,2232,641,أجهزة إلكترونية,7500,36,246,0.33,مرتفع
REQ-1223,37,الرياض,حكومي,13,21900,1668,747,أجهزة إلكترونية,7000,24,322,0.091,منخفض
REQ-1224,28,الرياض,شركة متوسطة,55,20100,1035,717,أجهزة إلكترونية,23000,24,1070,0.105,منخفض
REQ-1225,38,مكة,شركة متوسطة,66,16100,5396,615,أثاث منزلي,10000,18,613,0.373,متوسط
REQ-1226,38,الدمام,قطاع خاص صغير,163,19400,5691,676,أثاث منزلي,17000,48,446,0.316,متوسط
REQ-1229,49,مكة,حكومي,143,18900,4317,696,أثاث منزلي,24000,18,1462,0.306,منخفض
REQ-1230,38,الدمام,حكومي,49,14400,3479,681,أجهزة إلكترونية,23500,24,1080,0.317,منخفض
REQ-1231,43,أبها,قطاع خاص صغير,148,21300,3905,807,سيارة,60500,24,2793,0.314,منخفض
REQ-1232,44,المدينة,أعمال حرة,90,13300,3515,777,أجهزة إلكترونية,18500,18,1122,0.349,متوسط
REQ-1233,27,مكة,شركة متوسطة,143,24700,4637,900,سيارة,46500,24,2238,0.278,منخفض
REQ-1234,39,مكة,حكومي,49,14800,1238,687,سيارة,104000,24,4882,0.414,متوسط
REQ-1235,40,أبها,شركة كبرى,95,19200,1263,697,أجهزة إلكترونية,22500,36,768,0.106,منخفض
REQ-1236,26,الخبر,شركة كبرى,85,21400,5615,692,سيارة,56500,24,2626,0.385,متوسط
REQ-1237,28,أبها,شركة كبرى,72,17900,6138,709,أثاث منزلي,29500,36,1011,0.399,متوسط
REQ-1239,25,جدة,حكومي,112,8100,1981,678,أجهزة إلكترونية,8500,24,410,0.295,منخفض
REQ-1240,31,المدينة,شركة كبرى,86,13300,1204,703,أثاث منزلي,18000,36,577,0.134,منخفض
REQ-1241,29,بريدة,حكومي,100,7500,1924,739,أثاث منزلي,39000,48,997,0.389,مرتفع
REQ-1242,33,حائل,شركة كبرى,63,21500,7194,615,سيارة,75000,48,2025,0.429,متوسط
REQ-1243,27,الدمام,أعمال حرة,19,17300,2389,683,سيارة,119000,36,3861,0.361,مرتفع
REQ-1244,45,حائل,حكومي,133,25300,1964,732,معدّات مهنية,52500,48,1372,0.132,منخفض
REQ-1246,47,أبها,قطاع خاص صغير,85,10000,2305,654,أثاث منزلي,10000,48,267,0.257,متوسط
REQ-1247,48,مكة,شركة كبرى,99,9600,3414,666,معدّات مهنية,24000,36,818,0.441,متوسط
REQ-1248,27,الخبر,أعمال حرة,25,16100,3118,638,أجهزة إلكترونية,23500,36,794,0.243,متوسط
REQ-1250,24,تبوك,شركة كبرى,52,9100,1860,568,سيارة,52000,36,1738,0.395,مرتفع
REQ-1251,37,مكة,شركة كبرى,127,8600,2424,684,أثاث منزلي,6500,48,175,0.302,منخفض
REQ-1253,29,حائل,شركة متوسطة,94,24400,6567,663,معدّات مهنية,32000,18,1948,0.349,مرتفع
REQ-1255,39,الدمام,قطاع خاص صغير,93,9900,3365,648,أجهزة إلكترونية,23000,48,598,0.4,مرتفع
REQ-1256,41,تبوك,شركة متوسطة,42,28800,5589,661,أجهزة إلكترونية,12000,18,737,0.22,منخفض
REQ-1258,51,تبوك,قطاع خاص صغير,38,16300,2310,732,معدّات مهنية,27500,48,707,0.185,منخفض
REQ-1259,25,الدمام,شركة متوسطة,81,14900,3074,707,أثاث منزلي,23500,36,753,0.257,منخفض
REQ-1260,56,الخبر,شركة كبرى,127,27400,11268,731,أجهزة إلكترونية,20500,36,671,0.436,مرتفع
REQ-1261,38,تبوك,حكومي,101,11100,1367,746,سيارة,41500,36,1391,0.248,منخفض
REQ-1262,32,الخبر,حكومي,53,10000,355,687,أجهزة إلكترونية,5500,12,489,0.084,متوسط
REQ-1263,31,الدمام,حكومي,46,14900,1142,857,أثاث منزلي,30500,48,802,0.13,منخفض
REQ-1264,31,الخبر,أعمال حرة,85,9400,3328,612,أجهزة إلكترونية,9000,12,800,0.439,مرتفع
REQ-1267,45,أبها,حكومي,28,19400,1965,727,أجهزة إلكترونية,20500,48,562,0.13,منخفض
REQ-1269,43,المدينة,حكومي,130,19500,4874,556,معدّات مهنية,32000,12,2865,0.397,مرتفع
REQ-1270,32,حائل,شركة متوسطة,28,12300,3943,626,أجهزة إلكترونية,18500,18,1120,0.412,متوسط
REQ-1271,30,الدمام,شركة متوسطة,50,11500,1163,658,أثاث منزلي,29000,36,984,0.187,منخفض
REQ-1272,26,الدمام,شركة متوسطة,141,6800,814,699,أثاث منزلي,11500,36,389,0.177,منخفض
REQ-1273,35,حائل,شركة كبرى,60,22200,1676,722,أجهزة إلكترونية,24500,24,1154,0.127,منخفض
REQ-1276,34,حائل,قطاع خاص صغير,28,12600,2673,641,أثاث منزلي,6500,48,162,0.225,منخفض
REQ-1277,53,حائل,شركة متوسطة,74,22300,5639,622,سيارة,103500,36,3392,0.405,مرتفع
REQ-1278,34,تبوك,شركة متوسطة,28,17500,4995,641,معدّات مهنية,36500,24,1736,0.385,منخفض
REQ-1279,27,أبها,شركة متوسطة,27,17700,4261,699,أثاث منزلي,12500,18,768,0.284,متوسط
REQ-1281,34,أبها,شركة كبرى,34,23400,5434,650,أثاث منزلي,28000,48,761,0.265,منخفض
REQ-1282,33,المدينة,شركة متوسطة,41,17000,3216,647,أجهزة إلكترونية,8000,48,214,0.202,متوسط
REQ-1284,35,الرياض,شركة متوسطة,28,10800,1922,592,أثاث منزلي,28500,48,732,0.246,منخفض
REQ-1285,35,المدينة,حكومي,88,9200,1234,726,معدّات مهنية,43500,18,2689,0.426,متوسط
REQ-1286,28,المدينة,شركة كبرى,61,11300,2736,635,أجهزة إلكترونية,20000,48,519,0.288,منخفض
REQ-1287,40,تبوك,حكومي,57,12800,3783,586,سيارة,31000,24,1436,0.408,منخفض
REQ-1288,45,بريدة,أعمال حرة,60,20000,4483,593,أجهزة إلكترونية,11000,18,683,0.258,منخفض
REQ-1289,27,حائل,حكومي,42,11200,1347,703,أثاث منزلي,30000,18,1794,0.28,منخفض
REQ-1290,24,الدمام,أعمال حرة,39,18000,4153,592,معدّات مهنية,35500,18,2166,0.351,مرتفع
REQ-1291,33,الرياض,شركة كبرى,38,7500,1039,662,أجهزة إلكترونية,24000,48,631,0.223,منخفض
REQ-1293,23,بريدة,شركة كبرى,68,18800,4040,634,أجهزة إلكترونية,11500,12,1033,0.27,متوسط
REQ-1294,36,الدمام,شركة متوسطة,82,9200,1274,676,أجهزة إلكترونية,16000,36,536,0.197,منخفض
REQ-1295,23,أبها,شركة متوسطة,23,6200,784,683,أجهزة إلكترونية,23000,36,757,0.249,منخفض
REQ-1297,43,بريدة,شركة كبرى,102,7400,1468,644,أثاث منزلي,10500,18,630,0.284,متوسط
REQ-1299,36,جدة,حكومي,98,10200,2798,715,أجهزة إلكترونية,8000,18,490,0.322,متوسط
REQ-1301,35,حائل,شركة كبرى,86,8100,768,645,معدّات مهنية,33500,24,1587,0.291,منخفض
REQ-1302,27,تبوك,شركة متوسطة,147,19800,2439,731,أثاث منزلي,14500,24,669,0.157,منخفض
REQ-1303,34,جدة,شركة كبرى,72,10500,1320,628,أجهزة إلكترونية,23000,18,1388,0.258,منخفض
REQ-1304,41,بريدة,قطاع خاص صغير,82,20900,6370,572,أجهزة إلكترونية,23000,48,589,0.333,متوسط
REQ-1306,46,مكة,قطاع خاص صغير,33,15500,3351,624,أجهزة إلكترونية,19500,36,668,0.259,مرتفع
REQ-1308,38,أبها,حكومي,76,19900,4578,643,سيارة,76500,36,2629,0.362,مرتفع
REQ-1309,32,الدمام,قطاع خاص صغير,64,13300,3178,640,أجهزة إلكترونية,9500,48,252,0.258,متوسط
REQ-1310,28,الرياض,شركة متوسطة,86,20000,3863,690,أثاث منزلي,22000,48,558,0.221,منخفض
REQ-1311,29,حائل,حكومي,30,16600,3583,683,أجهزة إلكترونية,10000,18,610,0.253,منخفض
REQ-1313,44,جدة,قطاع خاص صغير,86,8900,1373,709,أثاث منزلي,26000,12,2289,0.411,متوسط
REQ-1314,23,تبوك,شركة كبرى,90,23000,7136,637,سيارة,109000,48,2862,0.435,متوسط
REQ-1316,31,أبها,قطاع خاص صغير,115,22900,5304,670,أجهزة إلكترونية,23000,12,2028,0.32,متوسط
REQ-1317,30,أبها,حكومي,8,20000,4364,583,أجهزة إلكترونية,19000,24,890,0.263,مرتفع
REQ-1318,39,بريدة,حكومي,58,23200,4208,674,أجهزة إلكترونية,13500,48,353,0.197,منخفض
REQ-1319,35,الخبر,أعمال حرة,33,18400,2051,716,أجهزة إلكترونية,14000,18,839,0.157,منخفض
REQ-1320,44,الخبر,شركة متوسطة,19,16900,3162,588,أجهزة إلكترونية,14500,48,378,0.209,منخفض
REQ-1323,43,المدينة,شركة كبرى,76,11800,2561,687,سيارة,79500,48,2169,0.401,متوسط
REQ-1324,29,بريدة,أعمال حرة,4,12500,1568,594,معدّات مهنية,25500,12,2282,0.308,مرتفع
REQ-1325,44,المدينة,شركة متوسطة,150,17100,3904,750,أثاث منزلي,29000,48,787,0.274,منخفض
REQ-1326,25,الخبر,شركة متوسطة,88,28200,4056,663,سيارة,93000,24,4320,0.297,متوسط
REQ-1327,25,المدينة,أعمال حرة,76,12400,1929,797,أجهزة إلكترونية,15000,18,904,0.228,منخفض
REQ-1328,29,الخبر,حكومي,81,10700,1267,833,أثاث منزلي,26500,48,725,0.186,منخفض
REQ-1329,38,أبها,شركة كبرى,128,27200,8935,514,معدّات مهنية,28500,48,721,0.355,مرتفع
REQ-1330,34,حائل,شركة كبرى,55,13500,3539,733,أثاث منزلي,16000,12,1400,0.366,مرتفع
REQ-1331,26,الخبر,شركة كبرى,35,21300,3276,664,معدّات مهنية,27000,36,891,0.196,متوسط
REQ-1333,44,الرياض,شركة متوسطة,9,13000,2532,734,معدّات مهنية,49000,24,2276,0.37,مرتفع
REQ-1334,33,المدينة,شركة متوسطة,110,6800,1409,671,معدّات مهنية,21500,24,1015,0.356,منخفض
REQ-1335,31,تبوك,شركة كبرى,89,11200,2680,613,أجهزة إلكترونية,24500,24,1144,0.341,متوسط
REQ-1336,43,جدة,شركة كبرى,80,7200,1471,813,معدّات مهنية,30000,48,792,0.314,منخفض
REQ-1337,25,تبوك,شركة كبرى,85,10600,2856,629,أثاث منزلي,32500,24,1550,0.416,متوسط
REQ-1339,25,الدمام,قطاع خاص صغير,169,13900,1344,778,أثاث منزلي,16000,18,985,0.168,منخفض
REQ-1341,37,الخبر,شركة كبرى,123,18300,3620,681,معدّات مهنية,33000,18,2037,0.309,منخفض
REQ-1343,43,أبها,قطاع خاص صغير,107,15200,3413,755,أثاث منزلي,19000,18,1168,0.301,متوسط
REQ-1344,29,جدة,حكومي,68,17300,5189,584,معدّات مهنية,23000,48,621,0.336,متوسط
REQ-1345,28,المدينة,حكومي,81,17500,2738,686,سيارة,43500,48,1089,0.219,منخفض
REQ-1346,30,الرياض,شركة متوسطة,39,17800,2072,643,معدّات مهنية,49000,36,1687,0.211,منخفض
REQ-1347,31,جدة,قطاع خاص صغير,20,24900,7249,685,أجهزة إلكترونية,23000,24,1101,0.335,مرتفع
REQ-1349,51,جدة,حكومي,99,19600,4407,752,معدّات مهنية,18500,12,1658,0.309,منخفض
REQ-1352,31,بريدة,شركة متوسطة,50,16100,5468,627,أثاث منزلي,17500,18,1056,0.405,مرتفع
REQ-1353,30,بريدة,شركة متوسطة,35,9000,1592,669,أجهزة إلكترونية,6500,18,395,0.221,منخفض
REQ-1354,32,أبها,حكومي,53,17500,2261,821,أجهزة إلكترونية,11500,12,1025,0.188,منخفض
REQ-1356,47,تبوك,حكومي,26,14600,3362,695,معدّات مهنية,10500,18,642,0.274,منخفض
REQ-1358,42,الدمام,قطاع خاص صغير,38,7200,1565,697,أثاث منزلي,11500,48,306,0.26,متوسط
REQ-1359,36,بريدة,شركة متوسطة,102,18200,4217,659,أثاث منزلي,36000,18,2221,0.354,منخفض
REQ-1360,31,الخبر,حكومي,60,32000,5698,618,معدّات مهنية,52000,36,1760,0.233,مرتفع
REQ-1363,26,جدة,شركة كبرى,42,8500,2877,623,معدّات مهنية,13000,36,433,0.389,مرتفع
REQ-1364,41,الخبر,قطاع خاص صغير,113,8700,2289,583,معدّات مهنية,10000,48,259,0.293,متوسط
REQ-1366,36,المدينة,حكومي,38,14900,1004,708,أثاث منزلي,31500,48,827,0.123,منخفض
REQ-1367,43,مكة,حكومي,64,12100,3396,614,أثاث منزلي,22500,18,1386,0.395,متوسط
REQ-1368,35,أبها,شركة متوسطة,80,9000,2497,671,أثاث منزلي,16500,48,416,0.324,منخفض
REQ-1369,32,مكة,حكومي,86,12200,3526,698,أثاث منزلي,27000,36,865,0.36,متوسط
REQ-1370,40,جدة,حكومي,24,19600,5465,635,أجهزة إلكترونية,22500,24,1032,0.331,مرتفع
REQ-1371,31,أبها,شركة كبرى,98,10900,1505,636,أثاث منزلي,27000,18,1659,0.29,متوسط
REQ-1373,47,الدمام,حكومي,85,23600,3404,600,سيارة,111500,36,3803,0.305,مرتفع
REQ-1374,28,بريدة,أعمال حرة,10,17400,6202,570,أجهزة إلكترونية,5500,24,256,0.371,مرتفع
REQ-1376,41,مكة,شركة كبرى,122,16700,4378,637,أثاث منزلي,39000,48,1007,0.322,متوسط
REQ-1377,39,الدمام,شركة متوسطة,37,16900,1884,650,أجهزة إلكترونية,13500,18,828,0.16,منخفض
REQ-1378,31,المدينة,شركة متوسطة,28,24700,4175,743,معدّات مهنية,54000,36,1854,0.244,منخفض
REQ-1380,27,المدينة,قطاع خاص صغير,85,13000,1672,675,أجهزة إلكترونية,9000,12,796,0.19,منخفض
REQ-1381,52,مكة,حكومي,37,18300,2483,756,أثاث منزلي,35500,36,1195,0.201,متوسط
REQ-1382,33,مكة,قطاع خاص صغير,112,15400,4197,583,سيارة,77000,36,2547,0.438,مرتفع
REQ-1383,35,الدمام,شركة كبرى,73,18000,3900,674,معدّات مهنية,31000,24,1480,0.299,منخفض
REQ-1384,33,الدمام,شركة متوسطة,68,6700,758,751,سيارة,46000,48,1257,0.301,منخفض
REQ-1386,41,الخبر,شركة متوسطة,93,7300,2005,762,أجهزة إلكترونية,12500,36,400,0.329,منخفض
REQ-1387,37,الدمام,شركة متوسطة,122,8400,1065,738,معدّات مهنية,46000,36,1502,0.306,منخفض
REQ-1388,53,تبوك,حكومي,10,20600,4372,536,أثاث منزلي,13500,48,359,0.23,متوسط
REQ-1390,46,الخبر,حكومي,19,25700,4978,696,أجهزة إلكترونية,24500,48,634,0.218,مرتفع
REQ-1391,32,حائل,شركة كبرى,58,7000,1575,665,معدّات مهنية,25000,36,831,0.344,متوسط
REQ-1392,25,حائل,شركة متوسطة,70,26600,2362,716,معدّات مهنية,30000,24,1394,0.141,منخفض
REQ-1393,32,مكة,حكومي,69,16000,3943,636,أجهزة إلكترونية,19000,18,1134,0.317,منخفض
REQ-1394,44,الخبر,أعمال حرة,43,11300,2803,695,معدّات مهنية,21000,12,1853,0.412,متوسط
REQ-1395,43,تبوك,حكومي,55,12000,2757,780,أجهزة إلكترونية,11500,24,553,0.276,منخفض
REQ-1397,36,بريدة,حكومي,49,16300,5752,629,أجهزة إلكترونية,10500,12,927,0.41,متوسط
REQ-1399,32,بريدة,قطاع خاص صغير,69,10500,1317,705,أجهزة إلكترونية,23500,36,780,0.2,منخفض
REQ-1400,27,الرياض,شركة كبرى,123,13200,2206,691,سيارة,104000,48,2775,0.377,مرتفع
REQ-1402,23,الرياض,قطاع خاص صغير,37,16000,2149,674,أثاث منزلي,28500,24,1316,0.217,متوسط
REQ-1404,36,تبوك,حكومي,130,6500,438,760,أثاث منزلي,11500,48,313,0.116,منخفض
REQ-1405,38,تبوك,شركة كبرى,94,20000,5151,529,أثاث منزلي,25000,12,2238,0.369,متوسط
REQ-1406,26,الخبر,شركة كبرى,102,16100,3315,743,معدّات مهنية,55500,36,1798,0.318,منخفض
REQ-1407,44,جدة,قطاع خاص صغير,15,12700,2629,610,أجهزة إلكترونية,10500,24,497,0.246,متوسط
REQ-1408,33,أبها,شركة متوسطة,73,7700,615,713,أثاث منزلي,13500,18,824,0.187,منخفض
REQ-1409,25,تبوك,حكومي,59,18800,7572,562,أجهزة إلكترونية,8500,12,759,0.443,متوسط
REQ-1410,26,تبوك,شركة متوسطة,26,10800,2161,638,سيارة,91500,48,2463,0.428,مرتفع
REQ-1411,39,حائل,حكومي,30,10300,2398,655,أجهزة إلكترونية,18000,36,598,0.291,منخفض
REQ-1412,34,حائل,حكومي,46,24000,7149,582,أثاث منزلي,30000,24,1449,0.358,منخفض
REQ-1413,55,حائل,شركة كبرى,45,8100,1476,661,معدّات مهنية,13500,24,647,0.262,منخفض
REQ-1414,32,الدمام,شركة كبرى,54,11600,2595,636,أجهزة إلكترونية,16000,24,766,0.29,منخفض
REQ-1416,50,بريدة,شركة متوسطة,58,12700,3908,613,أثاث منزلي,26000,48,682,0.361,مرتفع
REQ-1417,30,المدينة,أعمال حرة,10,10700,2235,592,سيارة,43000,48,1180,0.319,مرتفع
REQ-1418,34,الرياض,حكومي,25,24500,5056,649,سيارة,91500,48,2470,0.307,منخفض
REQ-1421,27,مكة,حكومي,11,23300,2334,721,أجهزة إلكترونية,18000,24,861,0.137,متوسط
REQ-1422,35,تبوك,قطاع خاص صغير,50,21300,1856,802,أجهزة إلكترونية,22000,36,745,0.122,متوسط
REQ-1423,41,بريدة,حكومي,116,16300,1139,758,سيارة,45000,36,1491,0.161,منخفض
REQ-1424,29,الرياض,شركة متوسطة,42,11800,2597,619,أثاث منزلي,18500,24,892,0.296,متوسط
REQ-1425,26,تبوك,شركة كبرى,116,11200,2695,681,معدّات مهنية,22000,12,1939,0.414,متوسط
REQ-1426,43,الرياض,شركة متوسطة,77,18000,2384,671,أجهزة إلكترونية,11500,12,1025,0.189,منخفض
REQ-1427,33,حائل,شركة كبرى,51,16900,4633,651,سيارة,35000,48,932,0.329,منخفض
REQ-1428,39,جدة,شركة متوسطة,119,7900,854,686,أجهزة إلكترونية,23000,18,1388,0.284,منخفض
REQ-1430,30,جدة,قطاع خاص صغير,22,8800,3536,605,أثاث منزلي,9000,48,242,0.429,مرتفع
REQ-1431,49,المدينة,شركة متوسطة,23,7700,1774,647,أثاث منزلي,10000,12,898,0.347,مرتفع
REQ-1433,37,مكة,أعمال حرة,33,13300,3279,674,معدّات مهنية,12000,36,406,0.277,متوسط
REQ-1434,28,مكة,حكومي,35,12800,3392,711,معدّات مهنية,33500,36,1131,0.353,منخفض
REQ-1436,27,الرياض,قطاع خاص صغير,62,16500,4284,688,أجهزة إلكترونية,23500,12,2099,0.387,متوسط
REQ-1438,35,مكة,قطاع خاص صغير,109,9400,1841,784,أثاث منزلي,16500,48,435,0.242,منخفض
REQ-1439,43,حائل,شركة متوسطة,29,11000,1240,613,أجهزة إلكترونية,14000,48,351,0.145,متوسط
REQ-1440,32,المدينة,حكومي,24,24100,614,804,معدّات مهنية,29500,36,993,0.067,منخفض
REQ-1441,35,مكة,شركة كبرى,80,24200,1408,778,سيارة,86500,24,4039,0.225,منخفض
REQ-1442,27,تبوك,شركة كبرى,52,7500,2145,607,أجهزة إلكترونية,10500,18,630,0.37,متوسط
REQ-1443,35,الرياض,حكومي,20,25900,4689,674,أثاث منزلي,6500,12,583,0.204,منخفض
REQ-1444,35,أبها,حكومي,95,24700,5827,677,معدّات مهنية,20000,12,1766,0.307,متوسط
REQ-1445,47,الخبر,شركة كبرى,63,9400,1966,709,أثاث منزلي,11000,24,507,0.263,منخفض
REQ-1446,54,الدمام,حكومي,91,8900,652,827,أثاث منزلي,19500,24,904,0.175,منخفض
REQ-1448,23,بريدة,شركة كبرى,41,21700,4289,695,أجهزة إلكترونية,23500,12,2080,0.294,مرتفع
REQ-1450,29,الخبر,أعمال حرة,19,6400,1301,582,أثاث منزلي,21000,18,1300,0.406,مرتفع
REQ-1453,32,مكة,حكومي,22,15900,4279,680,أجهزة إلكترونية,16000,36,540,0.303,مرتفع
REQ-1454,42,تبوك,قطاع خاص صغير,128,10700,2286,709,معدّات مهنية,26000,36,863,0.294,متوسط
REQ-1455,41,الدمام,شركة متوسطة,45,14000,3408,703,سيارة,47000,36,1511,0.351,منخفض
REQ-1456,30,أبها,أعمال حرة,54,6900,1462,727,سيارة,56500,48,1544,0.436,متوسط
REQ-1458,37,الرياض,شركة متوسطة,60,20700,3424,767,أجهزة إلكترونية,21000,18,1279,0.227,منخفض
REQ-1459,27,الخبر,حكومي,81,27600,3320,689,أجهزة إلكترونية,22000,18,1322,0.168,منخفض
REQ-1460,37,جدة,شركة كبرى,37,11400,3060,560,أجهزة إلكترونية,12500,48,342,0.298,منخفض
REQ-1461,50,حائل,شركة كبرى,31,13500,2741,660,معدّات مهنية,41500,24,1951,0.348,متوسط
REQ-1462,39,تبوك,قطاع خاص صغير,135,17800,3107,797,سيارة,42500,48,1074,0.235,منخفض
REQ-1463,32,جدة,شركة كبرى,36,15400,3375,680,أجهزة إلكترونية,5500,48,149,0.229,منخفض
REQ-1464,54,المدينة,شركة كبرى,79,13300,2867,775,أثاث منزلي,10000,36,328,0.24,منخفض
REQ-1465,31,أبها,شركة كبرى,73,12600,1755,789,أثاث منزلي,33000,24,1526,0.26,منخفض
REQ-1466,41,أبها,شركة كبرى,78,20500,2330,668,معدّات مهنية,11500,48,309,0.129,متوسط
REQ-1467,39,حائل,حكومي,62,9600,2203,709,أثاث منزلي,15000,36,480,0.279,منخفض
REQ-1468,30,مكة,شركة متوسطة,14,12900,191,704,أثاث منزلي,9500,24,445,0.049,متوسط
REQ-1469,23,الخبر,قطاع خاص صغير,152,13400,3183,691,أثاث منزلي,35500,36,1220,0.329,متوسط
REQ-1470,35,الخبر,شركة متوسطة,33,20800,1509,657,أجهزة إلكترونية,12000,12,1058,0.123,متوسط
REQ-1471,24,المدينة,حكومي,23,17600,2324,611,أجهزة إلكترونية,16000,24,766,0.176,منخفض
REQ-1472,30,الدمام,شركة متوسطة,70,11300,2010,719,معدّات مهنية,27500,36,906,0.258,منخفض
REQ-1474,34,مكة,شركة كبرى,111,11300,3826,588,معدّات مهنية,17000,24,780,0.408,متوسط
REQ-1475,27,الرياض,شركة متوسطة,46,16900,2322,759,سيارة,37000,36,1251,0.211,منخفض
REQ-1477,40,الرياض,حكومي,99,9200,1453,677,أجهزة إلكترونية,15000,12,1316,0.301,منخفض
REQ-1478,36,تبوك,شركة متوسطة,34,25600,7261,733,أجهزة إلكترونية,23500,36,772,0.314,منخفض
REQ-1479,40,الخبر,حكومي,158,22600,4415,693,معدّات مهنية,14500,12,1287,0.252,منخفض
REQ-1480,41,أبها,شركة متوسطة,48,6300,642,693,معدّات مهنية,43500,36,1414,0.326,متوسط
REQ-1481,28,جدة,حكومي,64,22800,5928,760,أثاث منزلي,28500,36,941,0.301,مرتفع
REQ-1482,27,أبها,شركة كبرى,156,17100,4778,752,معدّات مهنية,58500,24,2710,0.438,منخفض
REQ-1483,27,بريدة,قطاع خاص صغير,44,17800,4814,606,أثاث منزلي,17500,48,479,0.297,متوسط
REQ-1487,24,بريدة,شركة متوسطة,46,21300,5711,618,أثاث منزلي,22000,12,1956,0.36,متوسط
REQ-1488,40,الرياض,شركة متوسطة,118,13100,2808,665,أثاث منزلي,26500,24,1265,0.311,متوسط
REQ-1489,23,الخبر,حكومي,50,22600,6320,774,معدّات مهنية,28000,36,918,0.32,منخفض
REQ-1491,35,الخبر,شركة كبرى,63,5600,250,709,معدّات مهنية,38000,36,1223,0.263,متوسط
REQ-1492,35,المدينة,قطاع خاص صغير,33,16500,2709,717,سيارة,105500,48,2693,0.327,منخفض
REQ-1493,57,مكة,شركة كبرى,98,9400,855,763,معدّات مهنية,22000,48,594,0.154,منخفض
REQ-1494,31,بريدة,حكومي,67,22200,3647,674,أثاث منزلي,19000,48,499,0.187,منخفض
REQ-1495,28,أبها,حكومي,120,19000,4404,750,أثاث منزلي,14500,48,391,0.252,متوسط
REQ-1497,38,المدينة,قطاع خاص صغير,44,10000,1202,684,أجهزة إلكترونية,7500,18,448,0.165,منخفض
REQ-1498,34,الرياض,شركة متوسطة,84,12500,721,768,معدّات مهنية,49000,24,2326,0.244,منخفض
REQ-1501,31,حائل,شركة متوسطة,99,11700,1704,700,أجهزة إلكترونية,9500,24,445,0.184,منخفض
REQ-1502,25,المدينة,شركة كبرى,28,17200,3851,608,معدّات مهنية,53500,18,3243,0.412,مرتفع
REQ-1503,23,الخبر,أعمال حرة,51,19800,7294,580,أجهزة إلكترونية,10000,36,327,0.385,متوسط
REQ-1504,49,الدمام,شركة متوسطة,40,14100,2813,822,معدّات مهنية,23500,18,1420,0.3,منخفض
REQ-1505,49,أبها,شركة متوسطة,102,21900,4187,834,أثاث منزلي,21500,36,736,0.225,منخفض
REQ-1506,47,الدمام,قطاع خاص صغير,92,20200,4329,653,معدّات مهنية,31500,12,2816,0.354,مرتفع
REQ-1507,38,الخبر,قطاع خاص صغير,56,8200,2013,655,أجهزة إلكترونية,10000,18,618,0.321,متوسط
REQ-1509,29,جدة,أعمال حرة,49,27100,9420,664,أجهزة إلكترونية,6000,48,156,0.353,متوسط
REQ-1510,52,المدينة,حكومي,11,16100,3526,663,أثاث منزلي,9000,18,541,0.253,منخفض
REQ-1511,30,مكة,شركة كبرى,119,8100,1926,761,أجهزة إلكترونية,13500,36,457,0.294,مرتفع
REQ-1512,38,المدينة,أعمال حرة,37,13500,411,763,أثاث منزلي,29000,36,977,0.103,منخفض
REQ-1513,25,أبها,شركة متوسطة,137,6600,1359,686,سيارة,30500,48,809,0.328,متوسط
REQ-1514,40,أبها,حكومي,17,24600,3125,713,معدّات مهنية,53500,18,3207,0.257,متوسط
REQ-1515,27,المدينة,حكومي,29,7000,2308,667,أثاث منزلي,15000,24,710,0.431,منخفض
REQ-1516,35,تبوك,شركة كبرى,97,8600,1812,779,أثاث منزلي,7000,18,419,0.259,منخفض
REQ-1518,31,أبها,حكومي,114,11300,3189,727,أجهزة إلكترونية,16500,12,1465,0.412,منخفض
REQ-1519,50,الخبر,حكومي,25,14800,2545,633,سيارة,65500,48,1789,0.293,مرتفع
REQ-1520,27,الخبر,حكومي,86,22400,4528,779,سيارة,59500,12,5303,0.439,منخفض
REQ-1521,52,أبها,أعمال حرة,17,28800,9388,625,سيارة,97000,48,2655,0.418,مرتفع
REQ-1522,29,أبها,حكومي,55,20700,889,751,أثاث منزلي,15000,18,900,0.086,منخفض
REQ-1523,42,جدة,أعمال حرة,30,25500,2371,673,أثاث منزلي,36000,36,1174,0.139,منخفض
REQ-1524,42,بريدة,قطاع خاص صغير,59,15500,3035,738,أثاث منزلي,28500,18,1768,0.31,متوسط
REQ-1525,26,بريدة,شركة كبرى,108,7200,1183,821,معدّات مهنية,52000,48,1355,0.352,متوسط
REQ-1526,25,جدة,حكومي,58,8500,783,679,معدّات مهنية,26500,48,667,0.171,منخفض
REQ-1527,42,المدينة,شركة كبرى,116,19200,1225,690,معدّات مهنية,38500,36,1302,0.132,منخفض
REQ-1529,40,الدمام,قطاع خاص صغير,78,25700,5389,574,معدّات مهنية,44000,36,1494,0.268,منخفض
REQ-1530,23,تبوك,حكومي,152,6000,1944,727,أجهزة إلكترونية,13500,48,343,0.381,مرتفع
REQ-1532,24,حائل,حكومي,94,17400,6994,694,معدّات مهنية,10000,36,331,0.421,منخفض
REQ-1533,51,حائل,أعمال حرة,12,18500,765,638,معدّات مهنية,54500,36,1862,0.142,متوسط
REQ-1534,51,حائل,شركة كبرى,13,17100,2753,684,أجهزة إلكترونية,15000,48,409,0.185,منخفض
REQ-1536,39,الخبر,حكومي,79,10000,952,569,معدّات مهنية,20000,48,502,0.145,مرتفع
REQ-1537,40,الخبر,حكومي,67,23400,7080,637,أجهزة إلكترونية,7500,18,457,0.322,متوسط
REQ-1539,54,المدينة,قطاع خاص صغير,119,15400,1474,696,أجهزة إلكترونية,17500,18,1084,0.166,منخفض
REQ-1540,41,الرياض,قطاع خاص صغير,122,13500,1590,683,سيارة,106500,36,3660,0.389,مرتفع
REQ-1541,29,أبها,قطاع خاص صغير,67,11000,963,658,معدّات مهنية,40500,18,2434,0.309,متوسط
REQ-1543,31,بريدة,شركة كبرى,59,18900,3555,819,أجهزة إلكترونية,23000,12,2068,0.298,منخفض
REQ-1544,54,الدمام,شركة كبرى,92,22100,7309,651,معدّات مهنية,8500,24,408,0.349,منخفض
REQ-1547,37,تبوك,حكومي,96,20800,8563,651,معدّات مهنية,21500,48,556,0.438,منخفض
REQ-1548,30,حائل,شركة متوسطة,159,12700,3835,795,أجهزة إلكترونية,12000,24,570,0.347,متوسط
REQ-1549,40,جدة,شركة متوسطة,41,13800,2370,583,معدّات مهنية,31500,18,1937,0.312,منخفض
REQ-1550,26,تبوك,شركة كبرى,38,8100,678,682,أثاث منزلي,35500,48,931,0.199,منخفض
REQ-1551,40,بريدة,أعمال حرة,19,17800,3812,584,سيارة,92500,36,3064,0.386,مرتفع
REQ-1552,32,الدمام,أعمال حرة,17,15000,3457,677,معدّات مهنية,24000,24,1118,0.305,متوسط
REQ-1553,27,أبها,شركة متوسطة,127,6500,2198,706,أثاث منزلي,5000,48,129,0.358,مرتفع
REQ-1554,34,تبوك,شركة كبرى,49,12700,2340,739,أجهزة إلكترونية,20000,48,531,0.226,منخفض
REQ-1555,27,الدمام,شركة متوسطة,81,7400,1807,585,معدّات مهنية,36000,36,1216,0.409,مرتفع
REQ-1556,41,تبوك,شركة متوسطة,93,19500,4441,752,أجهزة إلكترونية,24000,48,634,0.26,منخفض
REQ-1557,35,الرياض,حكومي,70,18000,6928,620,أثاث منزلي,8000,48,212,0.397,مرتفع
REQ-1559,27,جدة,أعمال حرة,88,12400,1584,717,سيارة,59000,36,2016,0.29,منخفض
REQ-1560,25,أبها,حكومي,40,16700,3588,518,معدّات مهنية,11000,36,366,0.237,منخفض
REQ-1561,38,بريدة,أعمال حرة,46,6000,573,718,أجهزة إلكترونية,11000,36,363,0.156,منخفض
REQ-1562,28,الدمام,أعمال حرة,63,16000,3550,561,أثاث منزلي,6500,36,223,0.236,متوسط
REQ-1563,21,أبها,أعمال حرة,69,14700,2719,645,معدّات مهنية,10500,48,277,0.204,متوسط
REQ-1566,33,أبها,قطاع خاص صغير,101,17300,3841,725,سيارة,78500,36,2639,0.375,متوسط
REQ-1567,45,الخبر,شركة كبرى,102,8800,2335,757,أجهزة إلكترونية,14000,18,862,0.363,متوسط
REQ-1568,28,أبها,قطاع خاص صغير,109,15700,2214,894,سيارة,55500,48,1416,0.231,منخفض
REQ-1569,26,حائل,حكومي,34,14800,1954,683,أجهزة إلكترونية,6500,18,400,0.159,منخفض
REQ-1570,46,الرياض,قطاع خاص صغير,43,17800,5679,787,معدّات مهنية,43500,36,1389,0.397,متوسط
REQ-1571,46,بريدة,شركة كبرى,56,20800,2177,645,سيارة,109500,18,6552,0.42,متوسط
REQ-1573,38,الرياض,حكومي,109,14500,3420,668,معدّات مهنية,21000,36,683,0.283,منخفض
REQ-1576,33,الرياض,شركة متوسطة,121,12100,3574,646,أثاث منزلي,33000,48,876,0.368,متوسط
REQ-1577,34,أبها,شركة كبرى,26,9000,2129,744,أجهزة إلكترونية,23000,18,1410,0.393,متوسط
REQ-1578,34,المدينة,شركة متوسطة,30,8900,560,766,معدّات مهنية,24000,48,646,0.136,منخفض
REQ-1579,38,مكة,حكومي,68,28600,7257,698,سيارة,68000,18,4227,0.402,متوسط
REQ-1581,35,الرياض,أعمال حرة,37,18900,2617,587,معدّات مهنية,50000,36,1622,0.224,متوسط
REQ-1582,32,مكة,حكومي,28,6600,1067,702,معدّات مهنية,10500,12,923,0.302,متوسط
REQ-1583,48,جدة,شركة متوسطة,73,11000,1394,833,سيارة,32000,18,1941,0.303,منخفض
REQ-1584,31,الدمام,حكومي,52,14000,2562,719,أثاث منزلي,35500,12,3116,0.406,متوسط
REQ-1585,44,الدمام,حكومي,53,12700,3019,710,سيارة,98500,48,2509,0.435,متوسط
REQ-1586,31,الدمام,حكومي,122,21400,6864,807,أجهزة إلكترونية,19500,36,661,0.352,منخفض
REQ-1587,35,المدينة,قطاع خاص صغير,67,16100,3421,633,معدّات مهنية,35500,36,1197,0.287,متوسط
REQ-1588,37,الدمام,شركة متوسطة,85,19300,2635,775,أجهزة إلكترونية,13000,24,609,0.168,منخفض
REQ-1589,51,أبها,شركة كبرى,30,14300,1243,650,سيارة,72000,48,1860,0.217,منخفض
REQ-1590,33,جدة,قطاع خاص صغير,54,10700,1360,714,معدّات مهنية,55000,24,2636,0.373,مرتفع
REQ-1592,58,أبها,قطاع خاص صغير,132,18100,501,760,أثاث منزلي,38000,48,1021,0.084,منخفض
REQ-1593,29,أبها,شركة متوسطة,39,9200,2156,593,أثاث منزلي,17000,12,1500,0.397,متوسط
REQ-1595,43,أبها,شركة متوسطة,77,10400,2386,718,معدّات مهنية,37500,48,1023,0.328,منخفض
REQ-1596,55,بريدة,حكومي,70,12900,1679,776,أثاث منزلي,27500,24,1266,0.228,منخفض
REQ-1597,28,الدمام,قطاع خاص صغير,14,15300,2047,725,أجهزة إلكترونية,9500,48,239,0.149,منخفض
REQ-1598,31,تبوك,أعمال حرة,17,16400,3182,653,أجهزة إلكترونية,7500,18,453,0.222,منخفض
REQ-1599,28,الخبر,شركة متوسطة,37,10600,2877,604,أجهزة إلكترونية,14000,36,468,0.316,متوسط
REQ-1600,49,الدمام,قطاع خاص صغير,75,12800,3559,638,أثاث منزلي,17000,24,795,0.34,مرتفع
REQ-1602,48,جدة,شركة كبرى,22,16500,4530,738,أثاث منزلي,39500,48,999,0.335,متوسط
REQ-1603,35,الرياض,قطاع خاص صغير,33,12100,1653,701,أثاث منزلي,18500,36,630,0.189,منخفض
REQ-1604,29,الدمام,شركة متوسطة,88,8200,1676,678,أجهزة إلكترونية,19500,36,629,0.281,منخفض
REQ-1607,43,الدمام,قطاع خاص صغير,53,23800,3487,750,سيارة,60500,18,3716,0.303,منخفض
REQ-1608,41,الخبر,حكومي,111,15100,2573,671,أثاث منزلي,38000,12,3347,0.392,منخفض
REQ-1609,28,تبوك,شركة كبرى,54,10700,2174,779,معدّات مهنية,10500,18,637,0.263,منخفض
REQ-1610,55,الدمام,حكومي,164,15500,4964,786,معدّات مهنية,59000,36,1984,0.448,مرتفع
REQ-1611,31,الرياض,شركة متوسطة,47,22000,7056,579,أثاث منزلي,18500,18,1128,0.372,متوسط
REQ-1612,29,مكة,شركة متوسطة,46,22500,6261,650,سيارة,42500,36,1389,0.34,منخفض
REQ-1613,39,المدينة,حكومي,162,19500,3896,778,معدّات مهنية,41500,12,3685,0.389,منخفض
REQ-1614,42,الخبر,حكومي,50,19700,2681,826,أجهزة إلكترونية,21000,18,1286,0.201,منخفض
REQ-1615,28,مكة,شركة متوسطة,65,6900,2606,802,أجهزة إلكترونية,7500,18,459,0.444,متوسط
REQ-1616,29,المدينة,حكومي,47,19500,5324,650,أجهزة إلكترونية,11000,48,287,0.288,متوسط
REQ-1617,47,جدة,شركة كبرى,51,24800,4572,621,أثاث منزلي,31500,36,1007,0.225,منخفض
REQ-1618,42,تبوك,أعمال حرة,57,12200,1856,634,أثاث منزلي,24500,36,787,0.217,متوسط
REQ-1620,25,الخبر,قطاع خاص صغير,29,28000,10153,658,معدّات مهنية,48000,24,2261,0.443,مرتفع
REQ-1621,40,الدمام,شركة متوسطة,97,23700,3500,835,سيارة,93000,18,5614,0.385,متوسط
REQ-1622,29,مكة,شركة متوسطة,116,24900,829,793,أثاث منزلي,19000,48,521,0.054,منخفض
REQ-1624,45,أبها,حكومي,99,10100,2686,724,أثاث منزلي,5000,12,447,0.31,منخفض
REQ-1626,30,تبوك,أعمال حرة,48,13700,4497,656,أثاث منزلي,9500,12,839,0.389,مرتفع
REQ-1628,56,أبها,قطاع خاص صغير,63,23900,4162,643,معدّات مهنية,60000,18,3724,0.33,متوسط
REQ-1629,38,مكة,أعمال حرة,3,27400,9023,506,أجهزة إلكترونية,5500,12,493,0.347,مرتفع
REQ-1630,32,الخبر,شركة متوسطة,64,16400,3162,756,معدّات مهنية,9000,24,432,0.219,متوسط
REQ-1632,41,تبوك,قطاع خاص صغير,105,21800,5917,759,سيارة,57000,48,1565,0.343,متوسط
REQ-1634,43,حائل,حكومي,64,10900,3734,660,أثاث منزلي,8000,24,384,0.378,متوسط
REQ-1635,25,جدة,شركة كبرى,98,23000,6304,625,أثاث منزلي,33500,18,2022,0.362,متوسط
REQ-1636,26,مكة,شركة متوسطة,99,24100,2463,666,أثاث منزلي,25000,12,2206,0.194,منخفض
REQ-1637,46,الدمام,أعمال حرة,53,10200,3046,564,أجهزة إلكترونية,7000,12,621,0.36,مرتفع
REQ-1639,58,مكة,شركة متوسطة,113,13100,2772,700,معدّات مهنية,16000,18,989,0.287,منخفض
REQ-1640,40,تبوك,حكومي,34,23600,4953,528,أجهزة إلكترونية,25000,48,649,0.237,متوسط
REQ-1641,56,الرياض,قطاع خاص صغير,69,11800,1883,691,أثاث منزلي,8500,24,405,0.194,منخفض
REQ-1642,46,الدمام,شركة متوسطة,33,12800,1424,679,أجهزة إلكترونية,9000,18,554,0.155,منخفض
REQ-1646,59,بريدة,شركة متوسطة,29,10400,1779,645,أجهزة إلكترونية,13000,12,1150,0.282,منخفض
REQ-1647,35,الخبر,شركة كبرى,94,14900,4415,745,سيارة,46500,48,1243,0.38,مرتفع
REQ-1649,29,حائل,حكومي,130,27000,4387,714,أثاث منزلي,29500,48,804,0.192,منخفض
REQ-1650,36,المدينة,حكومي,112,8300,1212,758,أجهزة إلكترونية,24000,48,633,0.222,منخفض
REQ-1652,25,أبها,شركة متوسطة,91,28400,3739,668,أجهزة إلكترونية,13500,18,816,0.16,منخفض
REQ-1654,30,حائل,حكومي,38,29300,11027,613,معدّات مهنية,38500,36,1239,0.419,متوسط
REQ-1655,47,أبها,شركة متوسطة,128,15400,1909,814,معدّات مهنية,50000,48,1318,0.21,منخفض
REQ-1656,34,حائل,حكومي,68,5600,662,759,معدّات مهنية,10500,24,499,0.207,منخفض
REQ-1657,33,الخبر,شركة كبرى,51,12500,2568,642,أجهزة إلكترونية,11000,12,988,0.284,مرتفع
REQ-1658,46,بريدة,شركة متوسطة,40,7200,660,685,معدّات مهنية,37000,36,1256,0.266,مرتفع
REQ-1660,29,الخبر,شركة متوسطة,112,24800,8282,592,أثاث منزلي,39000,48,1063,0.377,متوسط
REQ-1661,46,المدينة,شركة كبرى,58,24900,4599,667,أجهزة إلكترونية,21500,12,1896,0.261,منخفض
REQ-1662,29,حائل,شركة متوسطة,38,14700,2434,759,سيارة,114000,48,3091,0.376,منخفض
REQ-1664,27,تبوك,شركة كبرى,86,8500,1212,682,أثاث منزلي,36000,48,973,0.257,منخفض
REQ-1667,35,أبها,أعمال حرة,16,20200,1990,723,سيارة,99000,18,5925,0.392,مرتفع
REQ-1668,54,المدينة,شركة متوسطة,45,12400,2597,673,أجهزة إلكترونية,19500,18,1176,0.304,منخفض
REQ-1669,57,جدة,حكومي,36,22100,5928,677,أجهزة إلكترونية,9000,48,239,0.279,منخفض
REQ-1670,27,مكة,حكومي,137,30500,5974,720,سيارة,64000,48,1649,0.25,منخفض
REQ-1672,25,بريدة,شركة متوسطة,63,9300,3241,665,أثاث منزلي,17500,24,806,0.435,متوسط
REQ-1673,43,جدة,حكومي,110,12400,3471,622,أجهزة إلكترونية,18000,18,1101,0.369,متوسط
REQ-1675,41,أبها,أعمال حرة,10,11000,1444,629,معدّات مهنية,54500,36,1826,0.297,مرتفع
REQ-1676,25,مكة,شركة كبرى,67,23900,1060,668,أجهزة إلكترونية,11000,48,276,0.056,منخفض
REQ-1677,42,الدمام,شركة كبرى,122,16900,6648,710,أثاث منزلي,24500,36,807,0.441,مرتفع
REQ-1680,36,الرياض,حكومي,79,12200,2223,785,معدّات مهنية,45500,36,1555,0.31,منخفض
REQ-1681,38,حائل,حكومي,96,12400,1967,723,سيارة,95000,36,3259,0.421,متوسط
REQ-1682,36,جدة,قطاع خاص صغير,43,9400,2190,696,أجهزة إلكترونية,14000,36,460,0.282,منخفض
REQ-1683,35,حائل,شركة كبرى,34,20000,4599,691,معدّات مهنية,9000,18,557,0.258,منخفض
REQ-1684,28,الرياض,حكومي,61,13500,3377,588,أجهزة إلكترونية,19500,12,1735,0.379,مرتفع
REQ-1686,46,بريدة,حكومي,101,9100,3093,684,أثاث منزلي,10500,12,933,0.442,منخفض
REQ-1687,27,المدينة,قطاع خاص صغير,45,7700,1659,685,أجهزة إلكترونية,5500,36,180,0.239,منخفض
REQ-1689,32,جدة,أعمال حرة,19,5300,1040,637,أثاث منزلي,10500,24,497,0.29,مرتفع
REQ-1691,45,أبها,حكومي,96,13600,1551,725,أثاث منزلي,17500,36,577,0.156,منخفض
REQ-1693,36,الرياض,قطاع خاص صغير,38,19800,1754,681,سيارة,62500,36,2146,0.197,منخفض
REQ-1694,49,الدمام,شركة كبرى,104,20900,2340,635,أثاث منزلي,13500,18,808,0.151,منخفض
REQ-1695,32,الرياض,حكومي,53,28200,7521,643,أجهزة إلكترونية,5500,24,254,0.276,متوسط
REQ-1697,30,حائل,حكومي,15,24100,6812,614,أثاث منزلي,29000,36,966,0.323,متوسط
REQ-1698,35,الدمام,شركة متوسطة,32,12300,4858,432,أجهزة إلكترونية,20000,36,669,0.449,مرتفع
REQ-1699,45,جدة,أعمال حرة,54,11500,2386,642,أثاث منزلي,11000,24,521,0.253,متوسط
REQ-1700,26,الرياض,شركة كبرى,49,19000,2789,710,أجهزة إلكترونية,17000,24,787,0.188,منخفض
REQ-1703,37,بريدة,قطاع خاص صغير,32,10300,2103,683,أجهزة إلكترونية,22500,18,1386,0.339,متوسط
REQ-1704,35,أبها,شركة متوسطة,137,16200,2839,758,معدّات مهنية,40500,36,1297,0.255,منخفض
REQ-1706,51,الدمام,حكومي,52,11200,1003,761,معدّات مهنية,59500,24,2840,0.343,متوسط
REQ-1707,51,أبها,أعمال حرة,26,12700,2436,597,أثاث منزلي,18000,48,492,0.231,منخفض
REQ-1708,35,المدينة,حكومي,89,23900,5817,628,أجهزة إلكترونية,19000,48,475,0.263,منخفض
REQ-1709,32,جدة,شركة متوسطة,38,21100,6984,596,أثاث منزلي,27500,36,885,0.373,متوسط
REQ-1710,50,تبوك,أعمال حرة,28,15700,2653,741,أثاث منزلي,9000,36,288,0.187,منخفض
REQ-1711,27,أبها,حكومي,162,16100,4678,824,أثاث منزلي,39000,18,2334,0.436,متوسط
REQ-1712,30,الخبر,شركة متوسطة,22,7300,1393,632,أثاث منزلي,23500,24,1087,0.34,مرتفع
REQ-1713,53,جدة,حكومي,141,10000,2085,635,أثاث منزلي,17500,48,454,0.254,منخفض
REQ-1714,41,الخبر,شركة متوسطة,87,8300,2565,654,معدّات مهنية,8500,36,291,0.344,منخفض
REQ-1715,26,مكة,أعمال حرة,3,12800,2577,659,أثاث منزلي,27500,48,694,0.256,متوسط
REQ-1717,45,أبها,حكومي,175,14800,2857,700,أثاث منزلي,23500,24,1083,0.266,متوسط
REQ-1719,26,مكة,حكومي,27,26300,7423,578,أثاث منزلي,22500,12,2006,0.359,متوسط
REQ-1720,29,مكة,شركة كبرى,36,11600,2386,777,أثاث منزلي,19500,36,623,0.259,متوسط
REQ-1723,33,المدينة,أعمال حرة,33,14200,2402,699,أجهزة إلكترونية,15000,48,404,0.198,متوسط
REQ-1724,45,الرياض,حكومي,25,11800,566,815,أجهزة إلكترونية,5500,48,150,0.061,متوسط
REQ-1725,42,أبها,حكومي,82,14000,2513,715,معدّات مهنية,18000,18,1107,0.259,متوسط
REQ-1726,43,المدينة,شركة متوسطة,139,10100,2477,672,سيارة,40000,48,1012,0.345,منخفض
REQ-1728,48,حائل,شركة متوسطة,33,12700,2082,750,سيارة,40500,24,1956,0.318,منخفض
REQ-1729,38,الخبر,حكومي,41,15200,1590,645,أجهزة إلكترونية,9500,24,438,0.133,منخفض
REQ-1730,27,مكة,حكومي,29,18700,2934,685,معدّات مهنية,32500,36,1073,0.214,منخفض
REQ-1731,29,تبوك,حكومي,94,22900,8805,728,معدّات مهنية,16500,18,1024,0.429,متوسط
REQ-1734,25,بريدة,شركة متوسطة,104,11500,1206,744,معدّات مهنية,19000,48,512,0.149,منخفض
REQ-1736,28,حائل,حكومي,18,14700,2310,718,معدّات مهنية,38500,18,2354,0.317,متوسط
REQ-1738,30,جدة,قطاع خاص صغير,73,11900,1997,658,أثاث منزلي,22500,12,2016,0.337,متوسط
REQ-1739,24,الرياض,حكومي,27,5700,971,647,أجهزة إلكترونية,7000,24,335,0.229,منخفض
REQ-1740,51,الدمام,قطاع خاص صغير,105,9900,988,773,معدّات مهنية,44000,36,1435,0.245,منخفض
REQ-1741,37,تبوك,حكومي,31,11800,2757,727,أثاث منزلي,28500,48,750,0.297,منخفض
REQ-1742,54,الرياض,شركة كبرى,39,17900,2758,678,أجهزة إلكترونية,18000,18,1106,0.216,مرتفع
REQ-1743,29,بريدة,شركة متوسطة,54,13000,2728,617,معدّات مهنية,47500,24,2261,0.384,مرتفع
REQ-1744,26,حائل,حكومي,54,25600,5166,650,أثاث منزلي,11500,24,539,0.223,منخفض
REQ-1745,39,بريدة,حكومي,99,24000,3531,760,سيارة,73000,48,1907,0.227,منخفض
REQ-1746,26,المدينة,شركة كبرى,67,8400,1803,729,سيارة,34500,36,1165,0.353,متوسط
REQ-1747,28,حائل,حكومي,79,11100,2411,706,أجهزة إلكترونية,24000,18,1440,0.347,متوسط
REQ-1749,31,الدمام,حكومي,97,16700,1538,654,أثاث منزلي,31000,18,1864,0.204,منخفض
REQ-1752,26,الخبر,قطاع خاص صغير,65,11000,1954,610,معدّات مهنية,27000,12,2418,0.397,مرتفع
REQ-1753,48,الدمام,قطاع خاص صغير,129,21200,5018,789,سيارة,43500,36,1482,0.307,متوسط
REQ-1754,32,تبوك,حكومي,91,16300,3209,714,أثاث منزلي,27500,24,1320,0.278,منخفض
REQ-1755,56,حائل,قطاع خاص صغير,132,8800,1559,703,معدّات مهنية,24000,12,2134,0.42,مرتفع
REQ-1756,27,بريدة,قطاع خاص صغير,107,14600,2580,731,أجهزة إلكترونية,14500,18,884,0.237,منخفض
REQ-1757,39,الرياض,شركة كبرى,108,10300,385,822,سيارة,35000,24,1604,0.193,منخفض
REQ-1760,31,حائل,شركة متوسطة,48,16800,3900,648,أجهزة إلكترونية,13500,18,816,0.281,منخفض
REQ-1762,53,بريدة,شركة كبرى,14,23100,6653,649,معدّات مهنية,49000,48,1287,0.344,مرتفع
REQ-1764,31,تبوك,حكومي,64,11400,1968,788,سيارة,93000,48,2358,0.379,متوسط
REQ-1765,27,بريدة,قطاع خاص صغير,32,16000,3927,621,أثاث منزلي,27000,18,1620,0.347,منخفض
REQ-1766,26,بريدة,حكومي,114,14400,2877,750,أثاث منزلي,22000,18,1359,0.294,منخفض
REQ-1767,30,بريدة,شركة متوسطة,86,12500,1316,743,أجهزة إلكترونية,21500,18,1293,0.209,منخفض
REQ-1769,23,تبوك,شركة كبرى,10,14600,2410,583,أثاث منزلي,6500,24,313,0.187,منخفض
REQ-1770,30,الخبر,أعمال حرة,40,14600,2586,662,سيارة,45500,18,2757,0.366,متوسط
REQ-1771,34,بريدة,قطاع خاص صغير,105,8300,2108,716,أثاث منزلي,18000,36,602,0.327,منخفض
REQ-1773,39,أبها,شركة كبرى,48,16800,2425,713,أجهزة إلكترونية,7000,18,430,0.17,منخفض
REQ-1775,56,حائل,شركة متوسطة,41,9100,1805,662,أجهزة إلكترونية,13500,48,364,0.238,منخفض
REQ-1776,23,حائل,أعمال حرة,18,5500,119,729,سيارة,60500,48,1587,0.31,متوسط
REQ-1777,45,المدينة,شركة كبرى,129,11300,3633,710,أثاث منزلي,35500,48,894,0.401,منخفض
REQ-1778,26,المدينة,شركة كبرى,71,6600,297,767,معدّات مهنية,28500,24,1311,0.244,منخفض
REQ-1779,25,المدينة,شركة متوسطة,138,21000,4469,717,سيارة,82500,24,3915,0.399,مرتفع
REQ-1782,26,مكة,شركة كبرى,50,9400,1951,698,أجهزة إلكترونية,5500,12,481,0.259,منخفض
REQ-1783,36,جدة,قطاع خاص صغير,98,16800,3790,798,أجهزة إلكترونية,13500,36,449,0.252,متوسط
REQ-1784,48,الرياض,أعمال حرة,35,9500,685,720,أجهزة إلكترونية,13500,48,356,0.11,متوسط
REQ-1785,47,جدة,حكومي,20,7400,1470,646,أجهزة إلكترونية,25000,18,1530,0.405,مرتفع
REQ-1786,39,المدينة,حكومي,37,26600,7126,694,أجهزة إلكترونية,14000,24,674,0.293,منخفض
REQ-1787,47,بريدة,حكومي,47,24600,5482,711,أثاث منزلي,29500,48,773,0.254,منخفض
REQ-1788,29,المدينة,شركة متوسطة,53,9200,2817,746,أثاث منزلي,27500,36,943,0.409,منخفض
REQ-1789,30,أبها,شركة كبرى,24,20300,3217,619,أثاث منزلي,18500,12,1629,0.239,منخفض
REQ-1792,33,المدينة,شركة متوسطة,42,18800,7203,423,أجهزة إلكترونية,7500,12,661,0.418,مرتفع
REQ-1793,26,الخبر,حكومي,49,15600,2939,638,معدّات مهنية,48500,48,1213,0.266,منخفض
REQ-1794,45,حائل,قطاع خاص صغير,12,12600,356,765,أجهزة إلكترونية,13000,48,355,0.056,منخفض
REQ-1795,36,الرياض,أعمال حرة,63,11000,1681,659,أجهزة إلكترونية,8000,48,213,0.172,منخفض
REQ-1797,36,جدة,حكومي,27,10500,2252,674,أجهزة إلكترونية,11500,24,550,0.267,منخفض
REQ-1799,30,أبها,حكومي,27,16600,2290,646,معدّات مهنية,57000,36,1939,0.255,منخفض
REQ-1801,38,جدة,شركة متوسطة,47,13800,1828,581,معدّات مهنية,20500,24,951,0.201,منخفض
REQ-1802,40,مكة,شركة كبرى,57,25200,2134,700,معدّات مهنية,42000,48,1074,0.127,منخفض
REQ-1803,37,أبها,قطاع خاص صغير,71,8000,2331,593,أجهزة إلكترونية,17000,24,793,0.391,مرتفع
REQ-1806,41,تبوك,حكومي,128,24800,5843,576,سيارة,36500,24,1759,0.307,منخفض
REQ-1808,32,أبها,شركة كبرى,77,13600,5047,677,معدّات مهنية,10500,48,286,0.392,متوسط
REQ-1809,30,جدة,شركة كبرى,145,18500,1136,900,أجهزة إلكترونية,13500,24,638,0.096,منخفض
REQ-1811,26,حائل,شركة متوسطة,33,13600,3229,774,أجهزة إلكترونية,5000,12,442,0.27,منخفض
REQ-1813,57,بريدة,شركة متوسطة,51,7900,666,744,معدّات مهنية,16000,24,744,0.178,منخفض
REQ-1814,40,الرياض,حكومي,127,18600,1092,856,معدّات مهنية,18000,48,479,0.084,منخفض
REQ-1815,52,مكة,شركة متوسطة,77,9700,3201,658,أثاث منزلي,10500,18,646,0.397,متوسط
REQ-1816,38,أبها,حكومي,95,15100,2096,666,أجهزة إلكترونية,19000,12,1682,0.25,منخفض
REQ-1818,36,الخبر,حكومي,149,10300,3525,702,أثاث منزلي,16500,36,531,0.394,منخفض
REQ-1821,34,أبها,حكومي,70,23900,6991,780,معدّات مهنية,14500,48,363,0.308,متوسط
REQ-1822,26,مكة,شركة متوسطة,102,23100,5214,663,معدّات مهنية,36000,18,2225,0.322,منخفض
REQ-1823,30,تبوك,حكومي,57,12700,2866,673,سيارة,98000,48,2475,0.421,متوسط
REQ-1825,25,حائل,شركة كبرى,97,17300,736,761,أجهزة إلكترونية,7000,48,188,0.053,منخفض
REQ-1826,46,بريدة,قطاع خاص صغير,98,12300,2028,696,أثاث منزلي,18000,36,579,0.212,منخفض
REQ-1827,30,الرياض,حكومي,67,19000,3524,790,معدّات مهنية,47500,12,4209,0.407,متوسط
REQ-1828,33,حائل,حكومي,74,12600,3144,622,سيارة,38500,18,2319,0.434,مرتفع
REQ-1829,29,الرياض,حكومي,63,17100,4676,620,أثاث منزلي,14000,24,667,0.312,متوسط
REQ-1830,31,بريدة,شركة متوسطة,7,12000,3160,628,أثاث منزلي,16000,18,968,0.344,متوسط
REQ-1831,36,جدة,شركة متوسطة,135,17900,3503,765,سيارة,44500,12,3912,0.414,متوسط
REQ-1832,24,المدينة,شركة كبرى,108,8700,1825,713,أثاث منزلي,5500,12,487,0.266,منخفض
REQ-1833,35,الخبر,شركة متوسطة,85,11500,1297,692,معدّات مهنية,35000,24,1645,0.256,منخفض
REQ-1834,50,المدينة,شركة متوسطة,30,21000,4592,660,أثاث منزلي,11500,36,369,0.236,منخفض
REQ-1835,41,الرياض,حكومي,62,8200,757,666,سيارة,61500,48,1673,0.296,منخفض
REQ-1836,50,جدة,حكومي,121,22100,5166,686,أثاث منزلي,37500,48,988,0.278,متوسط
REQ-1837,37,حائل,حكومي,34,10200,2330,707,أثاث منزلي,16500,48,437,0.271,متوسط
REQ-1838,39,الرياض,شركة كبرى,105,8700,3610,731,أجهزة إلكترونية,8000,36,273,0.446,متوسط
REQ-1839,27,بريدة,قطاع خاص صغير,63,12300,2029,701,أثاث منزلي,18000,36,606,0.214,منخفض
REQ-1840,31,المدينة,حكومي,38,16900,2066,663,أجهزة إلكترونية,22000,48,574,0.156,منخفض
REQ-1841,40,مكة,شركة متوسطة,50,12400,591,685,معدّات مهنية,46000,18,2818,0.275,متوسط
REQ-1842,32,الرياض,حكومي,10,20100,4009,643,معدّات مهنية,25000,24,1203,0.259,مرتفع
REQ-1847,25,الرياض,قطاع خاص صغير,96,13500,1173,703,أجهزة إلكترونية,19000,36,615,0.132,منخفض
REQ-1849,37,المدينة,أعمال حرة,22,23400,4296,747,أجهزة إلكترونية,11000,18,677,0.213,متوسط
REQ-1850,25,جدة,شركة متوسطة,31,8800,1482,680,أجهزة إلكترونية,8500,24,395,0.213,منخفض
REQ-1852,57,الرياض,شركة كبرى,89,16100,2595,631,معدّات مهنية,12500,18,754,0.208,متوسط
REQ-1854,28,حائل,شركة كبرى,130,11000,1427,735,أجهزة إلكترونية,20000,36,679,0.191,منخفض
REQ-1855,40,بريدة,شركة متوسطة,40,13000,3556,589,أثاث منزلي,15500,18,955,0.347,متوسط
REQ-1856,26,الدمام,شركة كبرى,75,10000,2360,700,معدّات مهنية,54000,48,1376,0.374,متوسط
REQ-1857,27,الدمام,شركة كبرى,152,25300,4220,771,أثاث منزلي,19000,36,606,0.191,منخفض
REQ-1858,30,أبها,حكومي,37,10500,945,709,معدّات مهنية,8500,18,514,0.139,منخفض
REQ-1859,40,أبها,أعمال حرة,55,21200,6078,676,أجهزة إلكترونية,13000,24,625,0.316,متوسط
REQ-1861,38,المدينة,قطاع خاص صغير,84,23200,2586,747,أثاث منزلي,8000,36,268,0.123,منخفض
REQ-1863,44,جدة,حكومي,75,11800,2193,633,أثاث منزلي,20000,12,1765,0.335,مرتفع
REQ-1864,38,أبها,قطاع خاص صغير,53,12700,2624,639,معدّات مهنية,14000,18,870,0.275,مرتفع
REQ-1865,47,تبوك,حكومي,143,5400,1450,714,أثاث منزلي,20000,36,652,0.389,متوسط
REQ-1867,31,أبها,شركة متوسطة,51,15100,866,724,سيارة,78000,18,4800,0.375,متوسط
REQ-1868,48,جدة,شركة كبرى,80,12800,4536,758,أثاث منزلي,6500,24,303,0.378,منخفض
REQ-1870,44,المدينة,شركة متوسطة,80,28300,6291,715,سيارة,63500,36,2062,0.295,منخفض
REQ-1871,42,الدمام,قطاع خاص صغير,88,10100,2414,766,معدّات مهنية,8500,18,508,0.289,منخفض
REQ-1872,30,تبوك,شركة كبرى,83,19300,1804,752,أجهزة إلكترونية,6500,24,309,0.109,منخفض
REQ-1874,36,بريدة,حكومي,56,12900,3284,640,أثاث منزلي,24500,24,1128,0.342,متوسط
REQ-1875,32,بريدة,حكومي,88,11700,603,730,معدّات مهنية,37500,36,1291,0.162,متوسط
REQ-1876,42,أبها,أعمال حرة,31,12400,4639,646,أجهزة إلكترونية,25000,48,643,0.426,مرتفع
REQ-1877,36,تبوك,شركة كبرى,129,9300,1473,758,معدّات مهنية,34000,48,883,0.253,منخفض
REQ-1878,42,حائل,حكومي,32,25900,8563,615,معدّات مهنية,47500,18,2917,0.443,متوسط
REQ-1879,39,تبوك,أعمال حرة,48,13800,1541,545,أثاث منزلي,38000,24,1799,0.242,منخفض
REQ-1880,40,مكة,أعمال حرة,63,6400,1198,651,أجهزة إلكترونية,14000,18,842,0.319,متوسط
REQ-1881,31,حائل,حكومي,37,24600,5013,669,أجهزة إلكترونية,21000,36,697,0.232,منخفض
REQ-1882,45,المدينة,قطاع خاص صغير,40,22900,6255,734,أثاث منزلي,35500,36,1210,0.326,مرتفع
REQ-1884,32,الدمام,شركة متوسطة,85,13700,2690,727,معدّات مهنية,47500,48,1276,0.289,منخفض
REQ-1886,30,الخبر,شركة كبرى,92,19200,4408,612,أجهزة إلكترونية,15500,12,1364,0.301,منخفض
REQ-1887,41,أبها,شركة كبرى,74,17500,2898,685,أجهزة إلكترونية,20000,18,1201,0.234,منخفض
REQ-1888,30,حائل,حكومي,76,23100,2669,781,أثاث منزلي,21500,18,1336,0.173,منخفض
REQ-1889,46,الخبر,شركة كبرى,121,11500,2407,759,أجهزة إلكترونية,14500,36,463,0.25,منخفض
REQ-1891,48,جدة,شركة متوسطة,16,11400,2792,705,معدّات مهنية,37000,48,1003,0.333,متوسط
REQ-1892,54,المدينة,حكومي,41,16100,2444,681,أجهزة إلكترونية,9500,36,307,0.171,منخفض
REQ-1893,36,تبوك,حكومي,114,9900,749,825,سيارة,48500,18,2967,0.375,منخفض
REQ-1894,26,المدينة,قطاع خاص صغير,106,6600,535,693,أثاث منزلي,12000,48,317,0.129,منخفض
REQ-1895,37,تبوك,شركة متوسطة,27,21300,7178,620,أثاث منزلي,39500,24,1884,0.425,متوسط
REQ-1896,38,جدة,شركة كبرى,44,13200,3303,648,معدّات مهنية,22500,48,590,0.295,متوسط
REQ-1897,54,بريدة,أعمال حرة,92,12300,2532,716,أثاث منزلي,28500,12,2559,0.414,مرتفع
REQ-1898,45,الدمام,حكومي,39,8500,1413,646,أثاث منزلي,8500,24,409,0.214,متوسط
REQ-1899,31,المدينة,حكومي,34,13000,1549,666,أثاث منزلي,28000,36,949,0.192,منخفض
REQ-1900,34,أبها,قطاع خاص صغير,31,10500,1819,613,أثاث منزلي,16000,48,415,0.213,متوسط
REQ-1901,25,الخبر,شركة كبرى,31,16100,3265,646,أجهزة إلكترونية,9000,24,419,0.229,متوسط
REQ-1902,33,حائل,شركة كبرى,98,14500,4336,628,معدّات مهنية,13500,18,811,0.355,متوسط
REQ-1903,34,الخبر,أعمال حرة,54,7500,2615,579,أثاث منزلي,7000,12,623,0.432,مرتفع
REQ-1904,33,جدة,حكومي,124,14300,1166,866,أجهزة إلكترونية,22500,48,579,0.122,منخفض
REQ-1905,33,الخبر,شركة كبرى,86,14300,3241,730,أجهزة إلكترونية,20500,12,1838,0.355,منخفض
REQ-1906,52,الرياض,شركة كبرى,99,18900,2627,714,معدّات مهنية,25500,24,1185,0.202,منخفض
REQ-1907,27,الخبر,شركة متوسطة,109,12300,3681,694,معدّات مهنية,9000,36,309,0.324,منخفض
REQ-1908,44,تبوك,شركة كبرى,83,14800,4101,524,سيارة,78000,48,2115,0.42,متوسط
REQ-1909,38,تبوك,أعمال حرة,35,22700,3583,563,أجهزة إلكترونية,18000,12,1583,0.228,متوسط
REQ-1910,36,مكة,شركة متوسطة,59,20100,883,732,أثاث منزلي,5500,18,332,0.06,منخفض
REQ-1911,37,الرياض,قطاع خاص صغير,85,14000,1879,784,أجهزة إلكترونية,9000,18,542,0.173,منخفض
REQ-1912,36,مكة,أعمال حرة,30,4900,386,800,أجهزة إلكترونية,9000,18,547,0.19,منخفض
REQ-1913,43,أبها,حكومي,142,24000,2526,787,أجهزة إلكترونية,12500,36,413,0.122,منخفض
REQ-1914,37,الخبر,حكومي,67,28500,6617,642,أجهزة إلكترونية,7500,36,253,0.241,منخفض
REQ-1915,33,الخبر,حكومي,67,8200,1702,542,سيارة,30500,36,1004,0.33,متوسط
REQ-1918,38,المدينة,قطاع خاص صغير,34,12200,2650,723,أجهزة إلكترونية,12500,12,1118,0.309,منخفض
REQ-1919,33,حائل,شركة كبرى,81,20700,1047,765,أثاث منزلي,6000,18,372,0.069,متوسط
REQ-1920,41,الدمام,حكومي,50,8400,1189,678,أثاث منزلي,21500,36,732,0.229,منخفض
REQ-1922,28,الدمام,حكومي,141,8900,1268,784,أثاث منزلي,15000,48,378,0.185,منخفض
REQ-1923,41,الدمام,شركة كبرى,62,17400,4096,496,معدّات مهنية,47500,18,2875,0.401,مرتفع
REQ-1924,37,حائل,أعمال حرة,32,8200,539,723,أجهزة إلكترونية,17500,18,1052,0.194,متوسط
REQ-1927,33,جدة,حكومي,25,15600,6194,605,معدّات مهنية,14500,24,675,0.44,متوسط
REQ-1928,53,حائل,أعمال حرة,75,11300,2434,746,سيارة,48000,24,2263,0.416,مرتفع
REQ-1929,46,مكة,شركة كبرى,52,19600,2822,768,معدّات مهنية,16500,18,1011,0.196,منخفض
REQ-1930,46,تبوك,قطاع خاص صغير,141,8400,2019,757,أثاث منزلي,15500,48,425,0.291,منخفض
REQ-1931,31,الدمام,شركة متوسطة,23,10400,2796,614,سيارة,35500,36,1146,0.379,مرتفع
REQ-1932,43,المدينة,قطاع خاص صغير,40,24800,7314,600,أجهزة إلكترونية,10000,24,460,0.313,متوسط
REQ-1934,26,الرياض,شركة متوسطة,86,13000,2131,785,أثاث منزلي,10500,24,504,0.203,منخفض
REQ-1937,39,المدينة,شركة كبرى,41,16500,2956,772,أثاث منزلي,13500,36,438,0.206,منخفض
REQ-1938,26,جدة,قطاع خاص صغير,73,17400,5476,601,أثاث منزلي,6500,12,578,0.348,مرتفع
REQ-1939,37,تبوك,حكومي,51,20500,5290,709,أثاث منزلي,30000,12,2651,0.387,متوسط
REQ-1940,37,جدة,شركة كبرى,110,24300,5964,718,سيارة,49500,18,2959,0.367,منخفض
REQ-1942,34,الخبر,أعمال حرة,22,12500,3617,575,أثاث منزلي,31500,18,1947,0.445,مرتفع
REQ-1943,32,أبها,شركة كبرى,150,19700,3325,712,سيارة,87500,24,4146,0.379,مرتفع
REQ-1944,28,بريدة,قطاع خاص صغير,49,13200,2620,654,أجهزة إلكترونية,11500,12,1011,0.275,متوسط
REQ-1945,40,الخبر,شركة متوسطة,71,18500,3501,682,سيارة,94000,36,3203,0.362,متوسط
REQ-1947,29,الرياض,حكومي,14,30800,4377,658,أجهزة إلكترونية,14000,18,841,0.169,منخفض
REQ-1949,44,جدة,حكومي,129,12600,4608,650,أجهزة إلكترونية,11500,18,709,0.422,متوسط
REQ-1950,55,المدينة,قطاع خاص صغير,64,13600,2284,727,معدّات مهنية,45500,48,1230,0.258,منخفض
REQ-1951,37,الدمام,حكومي,66,17100,3388,724,أثاث منزلي,24500,12,2198,0.327,منخفض
REQ-1952,25,تبوك,شركة كبرى,43,25000,3765,700,أثاث منزلي,20000,18,1243,0.2,منخفض
REQ-1953,31,حائل,شركة متوسطة,39,10500,3143,573,معدّات مهنية,53000,48,1332,0.426,متوسط
REQ-1954,27,جدة,أعمال حرة,57,16600,4590,656,أجهزة إلكترونية,21500,12,1916,0.392,مرتفع
REQ-1955,31,الدمام,حكومي,92,13100,3430,704,أثاث منزلي,10000,24,462,0.297,منخفض
REQ-1958,28,الدمام,شركة متوسطة,38,8900,1568,769,معدّات مهنية,38000,36,1280,0.32,منخفض
REQ-1960,37,جدة,حكومي,36,8400,992,654,أثاث منزلي,37500,48,1015,0.239,منخفض
REQ-1962,26,مكة,شركة كبرى,48,16400,3598,603,أثاث منزلي,31500,18,1903,0.335,متوسط
REQ-1963,30,المدينة,شركة متوسطة,53,12000,2526,622,أثاث منزلي,26500,24,1247,0.314,متوسط
REQ-1966,48,الخبر,شركة متوسطة,37,7100,968,683,أثاث منزلي,12000,12,1077,0.288,منخفض
REQ-1967,55,المدينة,أعمال حرة,69,19500,1237,766,معدّات مهنية,54000,36,1816,0.157,منخفض
REQ-1968,28,حائل,قطاع خاص صغير,43,18000,4740,596,معدّات مهنية,52000,18,3211,0.442,مرتفع
REQ-1969,22,الدمام,شركة متوسطة,102,6300,678,737,سيارة,40500,36,1300,0.314,منخفض
REQ-1970,51,مكة,حكومي,137,18500,3502,694,معدّات مهنية,13500,12,1194,0.254,منخفض
REQ-1971,52,جدة,شركة متوسطة,29,13400,5730,554,أجهزة إلكترونية,6000,36,194,0.442,متوسط
REQ-1972,29,الخبر,شركة متوسطة,31,12500,2963,786,أجهزة إلكترونية,20500,24,941,0.312,منخفض
REQ-1974,23,حائل,شركة كبرى,78,20800,3347,750,معدّات مهنية,11000,12,973,0.208,منخفض
REQ-1976,43,مكة,حكومي,12,15700,4855,535,أثاث منزلي,15000,48,389,0.334,مرتفع
REQ-1977,40,أبها,شركة متوسطة,162,11100,2246,785,معدّات مهنية,19500,24,924,0.286,منخفض
REQ-1978,58,أبها,قطاع خاص صغير,13,11400,3443,656,أجهزة إلكترونية,24500,18,1514,0.435,مرتفع
REQ-1979,33,مكة,شركة كبرى,60,17900,3346,653,أثاث منزلي,9500,48,242,0.2,منخفض
REQ-1980,37,بريدة,أعمال حرة,31,22300,4555,731,معدّات مهنية,41500,18,2519,0.317,منخفض
REQ-1981,39,الرياض,شركة كبرى,103,20400,4982,738,أجهزة إلكترونية,18000,48,469,0.267,منخفض
REQ-1982,40,مكة,شركة كبرى,43,16500,4635,611,أثاث منزلي,25000,18,1502,0.372,متوسط
REQ-1984,46,تبوك,شركة كبرى,37,22700,2642,723,معدّات مهنية,40500,24,1915,0.201,متوسط
REQ-1985,31,تبوك,حكومي,108,11500,1379,772,سيارة,78000,48,2029,0.296,منخفض
REQ-1986,40,تبوك,حكومي,41,23000,2323,829,سيارة,98000,18,6068,0.365,منخفض
REQ-1988,48,جدة,حكومي,46,9000,1693,790,أجهزة إلكترونية,24000,24,1117,0.312,متوسط
REQ-1990,39,حائل,شركة متوسطة,170,9900,1725,742,أثاث منزلي,28000,24,1321,0.308,مرتفع
REQ-1991,22,أبها,شركة متوسطة,36,10500,2161,594,معدّات مهنية,44000,24,2057,0.402,مرتفع
REQ-1992,33,بريدة,شركة كبرى,95,24400,5504,652,أثاث منزلي,37000,12,3312,0.361,متوسط
REQ-1993,48,حائل,حكومي,101,8900,1316,740,أجهزة إلكترونية,20500,12,1794,0.349,مرتفع
REQ-1994,25,جدة,شركة متوسطة,151,25700,6328,688,سيارة,35000,18,2107,0.328,متوسط
REQ-1995,28,تبوك,شركة متوسطة,59,7500,1964,685,أثاث منزلي,16000,48,407,0.316,متوسط
REQ-1997,54,المدينة,شركة متوسطة,23,17300,2244,602,أجهزة إلكترونية,13000,48,334,0.149,مرتفع
REQ-1998,29,الرياض,حكومي,40,12200,305,801,معدّات مهنية,47000,12,4119,0.363,منخفض
REQ-2000,37,الخبر,شركة متوسطة,51,10700,3254,606,أثاث منزلي,16000,18,964,0.394,مرتفع
REQ-2002,47,الدمام,قطاع خاص صغير,122,11600,1345,714,أجهزة إلكترونية,8000,18,482,0.158,مرتفع
REQ-2003,30,الدمام,حكومي,32,14800,4611,655,أجهزة إلكترونية,14500,36,478,0.344,متوسط
REQ-2004,35,الرياض,شركة متوسطة,27,11200,4225,576,أجهزة إلكترونية,9500,36,322,0.406,متوسط
REQ-2005,52,الخبر,شركة متوسطة,47,11000,2671,598,معدّات مهنية,25500,24,1220,0.354,متوسط
REQ-2006,37,حائل,شركة كبرى,52,5500,818,782,معدّات مهنية,41000,36,1390,0.401,منخفض
REQ-2007,44,الرياض,شركة متوسطة,150,22700,6656,595,أجهزة إلكترونية,21500,18,1310,0.351,متوسط
REQ-2008,31,المدينة,قطاع خاص صغير,31,11700,1990,608,معدّات مهنية,11500,36,389,0.203,منخفض
REQ-2009,41,الخبر,شركة كبرى,63,19000,2693,763,أثاث منزلي,24500,24,1181,0.204,منخفض
REQ-2011,44,تبوك,شركة كبرى,10,20000,3065,674,أثاث منزلي,8000,36,271,0.167,متوسط
REQ-2012,38,جدة,شركة متوسطة,101,15100,1486,741,أثاث منزلي,15000,48,379,0.124,منخفض
REQ-2013,25,الرياض,شركة كبرى,31,13100,4092,615,أثاث منزلي,27500,36,890,0.38,مرتفع
REQ-2014,39,الدمام,شركة كبرى,17,18500,3989,632,أثاث منزلي,7000,12,614,0.249,منخفض
REQ-2015,51,أبها,حكومي,153,20300,3541,673,أثاث منزلي,19000,12,1687,0.258,متوسط
REQ-2016,40,مكة,شركة كبرى,37,7400,885,706,أجهزة إلكترونية,10000,48,250,0.153,منخفض
REQ-2017,34,تبوك,حكومي,144,20400,7719,714,أثاث منزلي,31500,36,1007,0.428,متوسط
REQ-2018,23,الدمام,شركة متوسطة,22,12100,1623,722,أثاث منزلي,5500,12,489,0.175,منخفض
REQ-2019,33,مكة,حكومي,82,5500,1342,678,أثاث منزلي,10500,18,646,0.361,متوسط
REQ-2020,31,مكة,حكومي,44,8700,443,655,أثاث منزلي,12000,12,1051,0.172,منخفض
REQ-2021,28,المدينة,شركة متوسطة,114,18300,4731,785,معدّات مهنية,32000,18,1956,0.365,منخفض
REQ-2024,50,الرياض,شركة كبرى,74,11600,1389,761,أجهزة إلكترونية,24500,24,1127,0.217,منخفض
REQ-2025,30,الدمام,حكومي,31,8700,1764,819,أجهزة إلكترونية,7500,12,672,0.28,منخفض
REQ-2026,23,أبها,حكومي,122,10500,2442,671,أثاث منزلي,7000,18,421,0.273,منخفض
REQ-2029,41,الخبر,شركة متوسطة,25,10300,1872,698,معدّات مهنية,42000,24,2001,0.376,منخفض
REQ-2030,42,حائل,شركة كبرى,56,8800,1806,650,أثاث منزلي,28500,36,936,0.312,متوسط
REQ-2031,29,الدمام,حكومي,84,25900,5216,612,سيارة,61000,18,3734,0.346,متوسط
REQ-2032,46,الرياض,شركة متوسطة,107,26500,8203,589,سيارة,119000,48,2987,0.422,مرتفع
REQ-2033,29,أبها,شركة متوسطة,98,24400,6379,705,معدّات مهنية,46000,24,2171,0.35,منخفض
REQ-2034,29,جدة,شركة كبرى,100,12000,1174,706,أجهزة إلكترونية,19500,48,526,0.142,منخفض
REQ-2035,40,جدة,شركة كبرى,46,18500,2538,601,أجهزة إلكترونية,5500,12,485,0.163,منخفض
REQ-2037,38,أبها,شركة متوسطة,155,16800,3575,718,أثاث منزلي,35000,36,1183,0.283,متوسط
REQ-2039,29,تبوك,قطاع خاص صغير,25,15800,2921,622,أثاث منزلي,6000,24,283,0.203,متوسط
REQ-2040,29,أبها,شركة كبرى,29,5200,1693,645,أثاث منزلي,7500,18,456,0.413,منخفض
REQ-2041,44,أبها,شركة كبرى,41,17700,1821,668,أثاث منزلي,15500,18,927,0.155,منخفض
REQ-2042,26,حائل,حكومي,36,22600,4736,767,أجهزة إلكترونية,20500,12,1809,0.29,منخفض
REQ-2044,48,تبوك,شركة كبرى,57,14200,780,646,سيارة,36000,24,1729,0.177,متوسط
REQ-2045,33,جدة,أعمال حرة,17,30000,3622,601,أثاث منزلي,28000,48,726,0.145,متوسط
REQ-2046,54,حائل,شركة متوسطة,28,14900,891,725,أثاث منزلي,5500,12,488,0.093,مرتفع
REQ-2047,36,بريدة,شركة كبرى,47,19900,2947,652,أثاث منزلي,21500,18,1289,0.213,منخفض
REQ-2048,46,الخبر,حكومي,119,18200,2081,760,سيارة,81000,18,4964,0.387,منخفض
REQ-2049,51,مكة,قطاع خاص صغير,100,12000,745,734,أجهزة إلكترونية,18500,24,865,0.134,منخفض
REQ-2050,42,أبها,حكومي,106,17000,5748,606,أجهزة إلكترونية,10000,48,257,0.353,متوسط
REQ-2051,38,الخبر,شركة كبرى,92,14500,4228,677,معدّات مهنية,28500,36,956,0.358,متوسط
REQ-2053,35,الخبر,شركة متوسطة,43,9800,1531,670,معدّات مهنية,56000,24,2693,0.431,متوسط
REQ-2054,54,مكة,حكومي,88,12000,1899,645,أجهزة إلكترونية,20500,18,1265,0.264,منخفض
REQ-2056,28,أبها,شركة متوسطة,40,13400,2802,656,معدّات مهنية,15500,48,390,0.238,منخفض
